pull_date,breakdown,segment,follower_count
2026-06-23,age,13-17,7
2026-06-23,age,35-44,657
2026-06-23,age,45-54,292
2026-06-23,age,55-64,138
2026-06-23,age,65+,58
2026-06-23,gender,F,1594
2026-06-23,gender,M,2665
2026-06-23,city,"Atlanta, Georgia",21
2026-06-23,city,"Gainesville, Florida",47
2026-06-23,city,"Kendall, Florida",76
2026-06-23,city,"Ives Estates, Florida",27
2026-06-23,city,"Coral Springs, Florida",33
2026-06-23,city,"Aventura, Florida",23
2026-06-23,country,DO,8
2026-06-23,country,HN,4
2026-06-23,country,HK,4
2026-06-23,country,JM,5
2026-06-23,country,TW,5
2026-06-23,city,"Bangalore, Karnataka",23
2026-06-23,country,PR,8
2026-06-23,country,TT,7
2026-06-23,country,DE,10
2026-06-23,country,OM,4
2026-06-23,city,"Kendale Lakes, Florida",76
2026-06-23,country,PE,13
2026-06-23,city,"Miramar, Florida",122
2026-06-23,city,"Doral, Florida",150
2026-06-23,city,"Hollywood, Florida",52
2026-06-23,city,"Fort Lauderdale, Florida",44
2026-06-23,city,"North Miami Beach, Florida",29
2026-06-23,city,"Homestead, Florida",49
2026-06-23,city,"West Kendall, Florida",71
2026-06-23,city,"Country Club, Florida",51
2026-06-23,city,"North Miami, Florida",47
2026-06-23,city,"Sweetwater, Florida",514
2026-06-23,city,"Pembroke Pines, Florida",124
2026-06-23,city,"Tamiami, Florida",101
2026-06-23,city,"Union Park, Florida",53
2026-06-23,city,"Temple Terrace, Florida",37
2026-06-23,city,"Coral Gables, Florida",27
2026-06-23,country,PL,4
2026-06-23,city,"Weston, Florida",43
2026-06-23,city,"Orlando, Florida",23
2026-06-23,city,"Tampa, Florida",26
2026-06-23,city,"Plantation, Florida",43
2026-06-23,city,"Westchester, Florida",48
2026-06-23,city,"The Crossings, Florida",33
2026-06-23,city,"Richmond West, Florida",43
2026-06-23,city,"The Hammocks, Florida",94
2026-06-23,country,GB,18
2026-06-23,age,25-34,2717
2026-06-23,country,CL,9
2026-06-23,city,"Olympia Heights, Florida",26
2026-06-23,city,"Princeton, Florida",44
2026-06-23,city,"Hialeah, Florida",127
2026-06-23,city,"Seattle, Washington",57
2026-06-23,city,"New York, New York",83
2026-06-23,city,"Davie, Florida",63
2026-06-23,city,"San Francisco, California",33
2026-06-23,city,"Hialeah Gardens, Florida",23
2026-06-23,gender,U,1543
2026-06-23,city,"Miami Lakes, Florida",42
2026-06-23,country,EC,11
2026-06-23,city,"Miami Beach, Florida",40
2026-06-23,city,"Sunrise, Florida",27
2026-06-23,country,BD,11
2026-06-23,country,RU,4
2026-06-23,city,"Cutler Bay, Florida",37
2026-06-23,country,FR,5
2026-06-23,country,BR,21
2026-06-23,country,MA,10
2026-06-23,country,DZ,6
2026-06-23,country,KE,13
2026-06-23,age,18-24,1933
2026-06-23,city,"Miami, Florida",312
2026-06-23,country,TR,8
2026-06-23,country,ID,12
2026-06-23,country,GH,4
2026-06-23,country,CA,62
2026-06-23,country,IL,4
2026-06-23,country,KN,4
2026-06-23,country,AE,5
2026-06-23,country,IN,149
2026-06-23,country,ZA,5
2026-06-23,country,IR,6
2026-06-23,country,MX,25
2026-06-23,country,US,5090
2026-06-23,country,NG,23
2026-06-23,country,VE,13
2026-06-23,country,AZ,4
2026-06-23,country,VN,12
2026-06-23,country,PH,9
2026-06-23,country,PK,18
2026-06-23,country,AU,4
2026-06-23,country,AR,14
2026-06-23,country,PA,5
2026-06-23,city,"Miami Gardens, Florida",43
2026-06-23,country,ES,23
2026-06-23,country,AL,6
2026-06-23,country,CO,19
2026-08-16,age,35-44,668
2026-08-16,city,"Pembroke Pines, Florida",121
2026-08-16,city,"San Francisco, California",33
2026-08-16,age,13-17,3
2026-08-16,city,"Orlando, Florida",26
2026-08-16,city,"North Miami, Florida",41
2026-08-16,city,"Miramar, Florida",123
2026-08-16,age,65+,61
2026-08-16,city,"Kendale Lakes, Florida",69
2026-08-16,city,"North Miami Beach, Florida",34
2026-08-16,country,TR,6
2026-08-16,city,"Doral, Florida",161
2026-08-16,city,"Westchester, Florida",51
2026-08-16,city,"New York, New York",88
2026-08-16,city,"Davie, Florida",66
2026-08-16,city,"Gainesville, Florida",40
2026-08-16,city,"Coral Terrace, Florida",23
2026-08-16,city,"Kendall, Florida",76
2026-08-16,city,"Hialeah, Florida",116
2026-08-16,city,"Olympia Heights, Florida",30
2026-08-16,city,"Princeton, Florida",43
2026-08-16,city,"Country Club, Florida",53
2026-08-16,age,55-64,142
2026-08-16,age,45-54,294
2026-08-16,city,"West Kendall, Florida",68
2026-08-16,city,"Seattle, Washington",60
2026-08-16,gender,F,1595
2026-08-16,country,PL,4
2026-08-16,age,25-34,2757
2026-08-16,city,"The Crossings, Florida",34
2026-08-16,city,"Sweetwater, Florida",436
2026-08-16,city,"Union Park, Florida",41
2026-08-16,gender,U,1548
2026-08-16,age,18-24,1887
2026-08-16,city,"Coral Springs, Florida",36
2026-08-16,city,"The Hammocks, Florida",95
2026-08-16,city,"Miami Lakes, Florida",50
2026-08-16,city,"South Miami Heights, Florida",24
2026-08-16,city,"Tampa, Florida",28
2026-08-16,city,"Plantation, Florida",39
2026-08-16,city,"Fort Lauderdale, Florida",37
2026-08-16,city,"Ives Estates, Florida",27
2026-08-16,city,"Coral Gables, Florida",25
2026-08-16,city,"Weston, Florida",47
2026-08-16,city,"Tamiami, Florida",91
2026-08-16,city,"Richmond West, Florida",46
2026-08-16,city,"Charlotte, North Carolina",29
2026-08-16,city,"Homestead, Florida",49
2026-08-16,city,"Hollywood, Florida",58
2026-08-16,gender,M,2669
2026-08-16,country,ZA,5
2026-08-16,country,OM,5
2026-08-16,country,FR,5
2026-08-16,country,CA,61
2026-08-16,city,"Miami, Florida",310
2026-08-16,city,"Miami Beach, Florida",31
2026-08-16,city,"Sunrise, Florida",32
2026-08-16,country,TT,8
2026-08-16,country,DE,11
2026-08-16,country,PR,7
2026-08-16,country,BD,11
2026-08-16,city,"Bangalore, Karnataka",28
2026-08-16,city,"Cutler Bay, Florida",37
2026-08-16,country,EC,9
2026-08-16,country,PH,9
2026-08-16,country,PA,4
2026-08-16,country,DO,8
2026-08-16,country,CR,4
2026-08-16,country,TW,6
2026-08-16,country,VN,14
2026-08-16,country,NI,5
2026-08-16,country,MA,10
2026-08-16,country,JM,5
2026-08-16,country,US,5084
2026-08-16,country,DZ,7
2026-08-16,country,KE,13
2026-08-16,country,EG,5
2026-08-16,country,KR,5
2026-08-16,country,CL,11
2026-08-16,country,AL,5
2026-08-16,country,CO,22
2026-08-16,country,MX,24
2026-08-16,city,"Miami Gardens, Florida",40
2026-08-16,country,PK,19
2026-08-16,country,KN,4
2026-08-16,country,AE,5
2026-08-16,country,AZ,5
2026-08-16,country,NG,23
2026-08-16,country,BR,23
2026-08-16,city,"Temple Terrace, Florida",36
2026-08-16,country,RU,4
2026-08-16,country,IR,6
2026-08-16,country,VE,13
2026-08-16,country,ID,12
2026-08-16,country,AR,15
2026-08-16,country,ES,22
2026-08-16,country,PE,17
2026-08-16,country,GB,15
2026-08-16,country,IN,154
2026-08-16,country,GH,4
2026-08-18,country,ID,12
2026-08-18,country,CA,61
2026-08-18,country,MX,24
2026-08-18,country,VE,13
2026-08-18,country,DO,9
2026-08-18,country,MA,10
2026-08-18,country,FR,6
2026-08-18,country,TT,8
2026-08-18,country,CO,21
2026-08-18,city,"Miami Beach, Florida",29
2026-08-18,city,"Miami, Florida",323
2026-08-18,country,ES,22
2026-08-18,country,DE,11
2026-08-18,city,"Sunrise, Florida",31
2026-08-18,country,VN,14
2026-08-18,country,PR,5
2026-08-18,country,KE,13
2026-08-18,country,TW,6
2026-08-18,country,DZ,6
2026-08-18,country,RU,4
2026-08-18,country,EC,9
2026-08-18,country,BR,24
2026-08-18,country,OM,5
2026-08-18,country,CL,11
2026-08-18,country,GB,15
2026-08-18,city,"Bangalore, Karnataka",28
2026-08-18,country,ZA,5
2026-08-18,country,PA,4
2026-08-18,country,HK,4
2026-08-18,country,GH,4
2026-08-18,country,NI,5
2026-08-18,country,PH,9
2026-08-18,country,AE,5
2026-08-18,country,JM,5
2026-08-18,city,"Miami Gardens, Florida",39
2026-08-18,city,"Temple Terrace, Florida",34
2026-08-18,city,"Cutler Bay, Florida",35
2026-08-18,country,IN,153
2026-08-18,country,BD,11
2026-08-18,country,CR,4
2026-08-18,country,AZ,5
2026-08-18,country,AU,4
2026-08-18,country,NG,23
2026-08-18,country,US,5086
2026-08-18,country,AL,5
2026-08-18,country,PE,16
2026-08-18,country,AR,15
2026-08-18,country,KR,5
2026-08-18,country,EG,6
2026-08-18,country,IR,6
2026-08-18,city,"Gainesville, Florida",37
2026-08-18,city,"Seattle, Washington",60
2026-08-18,age,35-44,669
2026-08-18,city,"Olympia Heights, Florida",30
2026-08-18,city,"South Miami Heights, Florida",23
2026-08-18,city,"Charlotte, North Carolina",29
2026-08-18,city,"Princeton, Florida",44
2026-08-18,city,"Richmond West, Florida",45
2026-08-18,gender,M,2673
2026-08-18,city,"Kendall, Florida",80
2026-08-18,city,"Glenvar Heights, Florida",21
2026-08-18,city,"North Miami Beach, Florida",31
2026-08-18,city,"Coral Springs, Florida",35
2026-08-18,gender,F,1595
2026-08-18,country,PK,20
2026-08-18,age,55-64,142
2026-08-18,age,13-17,4
2026-08-18,age,25-34,2759
2026-08-18,city,"Miramar, Florida",122
2026-08-18,city,"New York, New York",86
2026-08-18,city,"Miami Lakes, Florida",49
2026-08-18,age,45-54,294
2026-08-18,city,"Doral, Florida",165
2026-08-18,gender,U,1545
2026-08-18,city,"Fort Lauderdale, Florida",39
2026-08-18,city,"Davie, Florida",65
2026-08-18,city,"Sweetwater, Florida",419
2026-08-18,city,"Homestead, Florida",45
2026-08-18,city,"Ives Estates, Florida",25
2026-08-18,city,"The Crossings, Florida",32
2026-08-18,city,"Plantation, Florida",41
2026-08-18,city,"Hollywood, Florida",61
2026-08-18,city,"Orlando, Florida",23
2026-08-18,city,"Union Park, Florida",42
2026-08-18,city,"Coral Gables, Florida",26
2026-08-18,city,"West Kendall, Florida",73
2026-08-18,age,18-24,1884
2026-08-18,country,TR,6
2026-08-18,city,"Kendale Lakes, Florida",69
2026-08-18,age,65+,61
2026-08-18,city,"Hialeah, Florida",118
2026-08-18,city,"Tampa, Florida",32
2026-08-18,city,"The Hammocks, Florida",91
2026-08-18,city,"Tamiami, Florida",95
2026-08-18,city,"Country Club, Florida",55
2026-08-18,city,"North Miami, Florida",43
2026-08-18,city,"San Francisco, California",35
2026-08-18,city,"Pembroke Pines, Florida",123
2026-08-18,city,"Westchester, Florida",47
2026-08-18,city,"Weston, Florida",46
2026-08-19,age,55-64,142
2026-08-19,age,65+,61
2026-08-19,age,13-17,4
2026-08-19,city,"The Hammocks, Florida",92
2026-08-19,age,18-24,1885
2026-08-19,city,"Country Club, Florida",55
2026-08-19,city,"Seattle, Washington",60
2026-08-19,age,35-44,671
2026-08-19,country,PK,20
2026-08-19,city,"Tamiami, Florida",96
2026-08-19,age,45-54,294
2026-08-19,city,"Gainesville, Florida",36
2026-08-19,city,"New York, New York",86
2026-08-19,city,"Davie, Florida",63
2026-08-19,city,"Atlanta, Georgia",21
2026-08-19,city,"Kendall, Florida",79
2026-08-19,city,"Hialeah, Florida",123
2026-08-19,city,"Olympia Heights, Florida",29
2026-08-19,city,"Princeton, Florida",44
2026-08-19,city,"Glenvar Heights, Florida",22
2026-08-19,country,TR,6
2026-08-19,city,"Coral Gables, Florida",24
2026-08-19,city,"West Kendall, Florida",72
2026-08-19,city,"Weston, Florida",47
2026-08-19,age,25-34,2759
2026-08-19,city,"Coral Springs, Florida",34
2026-08-19,gender,F,1597
2026-08-19,city,"Fort Lauderdale, Florida",39
2026-08-19,city,"North Miami Beach, Florida",30
2026-08-19,city,"Temple Terrace, Florida",34
2026-08-19,gender,M,2675
2026-08-19,city,"Sweetwater, Florida",416
2026-08-19,city,"Homestead, Florida",50
2026-08-19,city,"North Miami, Florida",42
2026-08-19,city,"Miami Lakes, Florida",48
2026-08-19,city,"Union Park, Florida",42
2026-08-19,city,"Kendale Lakes, Florida",69
2026-08-19,city,"Doral, Florida",165
2026-08-19,city,"Ives Estates, Florida",25
2026-08-19,city,"Pembroke Pines, Florida",124
2026-08-19,city,"San Francisco, California",35
2026-08-19,gender,U,1544
2026-08-19,city,"Richmond West, Florida",45
2026-08-19,city,"Hollywood, Florida",62
2026-08-19,city,"Westchester, Florida",47
2026-08-19,city,"The Crossings, Florida",32
2026-08-19,city,"Tampa, Florida",33
2026-08-19,city,"Plantation, Florida",42
2026-08-19,city,"Charlotte, North Carolina",29
2026-08-19,city,"South Miami Heights, Florida",26
2026-08-19,country,DE,11
2026-08-19,country,ZA,5
2026-08-19,country,BD,11
2026-08-19,country,DO,9
2026-08-19,country,PR,5
2026-08-19,country,NI,5
2026-08-19,city,"Miami Beach, Florida",29
2026-08-19,city,"Sunrise, Florida",32
2026-08-19,country,TT,8
2026-08-19,country,KE,13
2026-08-19,country,RU,4
2026-08-19,country,PE,16
2026-08-19,country,MX,24
2026-08-19,country,OM,5
2026-08-19,city,"Cutler Bay, Florida",32
2026-08-19,country,GB,15
2026-08-19,country,VE,13
2026-08-19,country,EC,9
2026-08-19,country,BR,24
2026-08-19,country,GH,4
2026-08-19,country,DZ,6
2026-08-19,country,ID,12
2026-08-19,city,"Miami, Florida",320
2026-08-19,country,AL,5
2026-08-19,country,MA,10
2026-08-19,city,"Miramar, Florida",124
2026-08-19,country,AR,15
2026-08-19,country,CL,11
2026-08-19,country,JP,4
2026-08-19,country,US,5086
2026-08-19,country,KN,4
2026-08-19,country,ES,23
2026-08-19,country,EG,6
2026-08-19,country,AE,5
2026-08-19,country,PA,4
2026-08-19,country,VN,14
2026-08-19,country,NG,23
2026-08-19,country,CO,22
2026-08-19,country,KR,5
2026-08-19,country,FR,6
2026-08-19,country,CA,61
2026-08-19,country,JM,5
2026-08-19,country,IN,153
2026-08-19,country,IR,6
2026-08-19,country,AZ,5
2026-08-19,city,"Bangalore, Karnataka",28
2026-08-19,country,TW,6
2026-08-19,country,PH,9
2026-08-19,city,"Miami Gardens, Florida",38
2026-08-19,country,AU,4
2026-08-24,city,"Cutler Bay, Florida",31
2026-08-24,city,"Miami Gardens, Florida",38
2026-08-24,country,JP,4
2026-08-24,country,OM,5
2026-08-24,country,FR,6
2026-08-24,country,MA,10
2026-08-24,country,NG,23
2026-08-24,country,DZ,6
2026-08-24,city,"Miami Beach, Florida",31
2026-08-24,country,HK,4
2026-08-24,country,GB,15
2026-08-24,country,JM,5
2026-08-24,country,AE,5
2026-08-24,country,CR,4
2026-08-24,country,PR,10
2026-08-24,country,TT,8
2026-08-24,city,"Sunrise, Florida",34
2026-08-24,country,BD,10
2026-08-24,country,EG,6
2026-08-24,city,"Miami, Florida",319
2026-08-24,country,DE,11
2026-08-24,country,ID,12
2026-08-24,country,TW,6
2026-08-24,country,KN,4
2026-08-24,country,DO,9
2026-08-24,country,CA,61
2026-08-24,country,US,5106
2026-08-24,country,MX,24
2026-08-24,country,PH,9
2026-08-24,country,VN,14
2026-08-24,country,CL,10
2026-08-24,country,NI,5
2026-08-24,country,BR,24
2026-08-24,country,VE,13
2026-08-24,country,IR,6
2026-08-24,city,"Bangalore, Karnataka",27
2026-08-24,country,PA,4
2026-08-24,country,ES,23
2026-08-24,country,PK,19
2026-08-24,country,AL,5
2026-08-24,country,AZ,5
2026-08-24,country,EC,9
2026-08-24,city,"North Miami Beach, Florida",29
2026-08-24,country,CO,23
2026-08-24,country,KE,13
2026-08-24,country,ZA,5
2026-08-24,country,KR,5
2026-08-24,country,AR,15
2026-08-24,country,IN,155
2026-08-24,country,PE,17
2026-08-24,city,"Miami Lakes, Florida",46
2026-08-24,city,"Kendale Lakes, Florida",64
2026-08-24,city,"Gainesville, Florida",40
2026-08-24,city,"Glenvar Heights, Florida",24
2026-08-24,city,"Richmond West, Florida",44
2026-08-24,city,"South Miami Heights, Florida",25
2026-08-24,city,"Hialeah, Florida",127
2026-08-24,city,"Sweetwater, Florida",426
2026-08-24,age,13-17,4
2026-08-24,city,"Ives Estates, Florida",25
2026-08-24,city,"Coral Gables, Florida",27
2026-08-24,city,"Coral Springs, Florida",35
2026-08-24,city,"Tampa, Florida",32
2026-08-24,city,"Country Club, Florida",53
2026-08-24,age,65+,61
2026-08-24,city,"New York, New York",87
2026-08-24,age,18-24,1891
2026-08-24,age,25-34,2773
2026-08-24,city,"Hollywood, Florida",61
2026-08-24,city,"San Francisco, California",36
2026-08-24,country,PL,4
2026-08-24,city,"Seattle, Washington",58
2026-08-24,city,"Pembroke Pines, Florida",125
2026-08-24,city,"Miramar, Florida",126
2026-08-24,age,55-64,143
2026-08-24,city,"Princeton, Florida",43
2026-08-24,city,"Homestead, Florida",51
2026-08-24,city,"Davie, Florida",64
2026-08-24,age,45-54,295
2026-08-24,city,"Weston, Florida",51
2026-08-24,city,"The Crossings, Florida",34
2026-08-24,city,"Westchester, Florida",48
2026-08-24,city,"Plantation, Florida",44
2026-08-24,city,"The Hammocks, Florida",89
2026-08-24,age,35-44,676
2026-08-24,gender,F,1605
2026-08-24,city,"Tamiami, Florida",98
2026-08-24,gender,M,2682
2026-08-24,gender,U,1556
2026-08-24,city,"Olympia Heights, Florida",30
2026-08-24,city,"West Kendall, Florida",77
2026-08-24,city,"North Miami, Florida",37
2026-08-24,country,TR,6
2026-08-24,city,"Charlotte, North Carolina",30
2026-08-24,city,"Union Park, Florida",41
2026-08-24,city,"Temple Terrace, Florida",33
2026-08-24,city,"Fort Lauderdale, Florida",36
2026-08-24,city,"Orlando, Florida",23
2026-08-24,city,"Doral, Florida",160
2026-08-24,city,"Kendall, Florida",77
2026-08-31,age,18-24,1959
2026-08-31,city,"Seattle, Washington",58
2026-08-31,city,"North Miami, Florida",41
2026-08-31,gender,F,1643
2026-08-31,city,"Sweetwater, Florida",417
2026-08-31,country,PL,4
2026-08-31,city,"Miramar, Florida",138
2026-08-31,city,"Davie, Florida",71
2026-08-31,city,"The Crossings, Florida",35
2026-08-31,age,45-54,303
2026-08-31,city,"Kendall, Florida",78
2026-08-31,age,55-64,143
2026-08-31,city,"Weston, Florida",50
2026-08-31,age,13-17,7
2026-08-31,gender,M,2735
2026-08-31,city,"Hialeah, Florida",128
2026-08-31,city,"Olympia Heights, Florida",26
2026-08-31,city,"Princeton, Florida",44
2026-08-31,city,"Glenvar Heights, Florida",23
2026-08-31,country,DE,11
2026-08-31,city,"New York, New York",87
2026-08-31,city,"San Francisco, California",37
2026-08-31,city,"Gainesville, Florida",46
2026-08-31,city,"Charlotte, North Carolina",28
2026-08-31,age,35-44,687
2026-08-31,city,"Kendale Lakes, Florida",74
2026-08-31,city,"Plantation, Florida",42
2026-08-31,city,"Hollywood, Florida",59
2026-08-31,city,"Temple Terrace, Florida",29
2026-08-31,gender,U,1610
2026-08-31,city,"South Miami Heights, Florida",26
2026-08-31,city,"Pembroke Pines, Florida",125
2026-08-31,country,TR,6
2026-08-31,city,"The Hammocks, Florida",98
2026-08-31,age,65+,63
2026-08-31,city,"Country Club, Florida",55
2026-08-31,city,"Tampa, Florida",34
2026-08-31,city,"West Kendall, Florida",79
2026-08-31,city,"Coral Springs, Florida",32
2026-08-31,city,"Miami Lakes, Florida",52
2026-08-31,city,"Fort Lauderdale, Florida",38
2026-08-31,city,"Doral, Florida",162
2026-08-31,city,"Westchester, Florida",56
2026-08-31,city,"Ives Estates, Florida",29
2026-08-31,city,"Tamiami, Florida",102
2026-08-31,city,"Richmond West, Florida",46
2026-08-31,city,"Homestead, Florida",50
2026-08-31,city,"Orlando, Florida",27
2026-08-31,city,"Coral Gables, Florida",29
2026-08-31,city,"Union Park, Florida",35
2026-08-31,country,DZ,6
2026-08-31,country,IR,6
2026-08-31,country,PH,9
2026-08-31,country,BD,10
2026-08-31,country,TW,6
2026-08-31,country,CO,25
2026-08-31,country,PR,11
2026-08-31,country,AL,5
2026-08-31,country,JM,5
2026-08-31,city,"Miami, Florida",324
2026-08-31,city,"Sunrise, Florida",33
2026-08-31,city,"Miami Beach, Florida",32
2026-08-31,country,CR,4
2026-08-31,country,OM,4
2026-08-31,country,EC,8
2026-08-31,country,MA,11
2026-08-31,country,PK,19
2026-08-31,country,ID,12
2026-08-31,city,"North Miami Beach, Florida",32
2026-08-31,country,CA,63
2026-08-31,country,DO,10
2026-08-31,country,RU,5
2026-08-31,country,CL,10
2026-08-31,country,GH,4
2026-08-31,country,GB,19
2026-08-31,country,TT,8
2026-08-31,country,US,5226
2026-08-31,country,IN,156
2026-08-31,country,IL,4
2026-08-31,city,"Cutler Bay, Florida",36
2026-08-31,city,"Miami Gardens, Florida",43
2026-08-31,city,"Bangalore, Karnataka",28
2026-08-31,country,ZA,5
2026-08-31,country,FR,6
2026-08-31,country,MX,24
2026-08-31,country,BR,25
2026-08-31,country,VE,15
2026-08-31,country,KR,5
2026-08-31,country,EG,6
2026-08-31,country,VN,18
2026-08-31,country,KE,14
2026-08-31,age,25-34,2826
2026-08-31,country,AZ,6
2026-08-31,country,NG,23
2026-08-31,country,NI,5
2026-08-31,country,AU,4
2026-08-31,country,PE,20
2026-08-31,country,ES,23
2026-08-31,country,AR,15
2026-08-31,country,AE,5
2026-09-03,country,GB,19
2026-09-03,country,TT,7
2026-09-03,country,CA,62
2026-09-03,country,DZ,6
2026-09-03,country,MA,11
2026-09-03,country,FR,6
2026-09-03,country,RU,5
2026-09-03,country,AR,16
2026-09-03,country,OM,4
2026-09-03,country,BR,25
2026-09-03,city,"Cutler Bay, Florida",36
2026-09-03,country,ID,12
2026-09-03,city,"Sunrise, Florida",32
2026-09-03,country,TW,6
2026-09-03,city,"Miami Beach, Florida",34
2026-09-03,country,CO,24
2026-09-03,city,"Union Park, Florida",35
2026-09-03,country,HK,4
2026-09-03,country,PR,12
2026-09-03,country,BD,10
2026-09-03,country,ES,23
2026-09-03,city,"Bangalore, Karnataka",27
2026-09-03,country,DE,11
2026-09-03,country,DO,11
2026-09-03,country,CR,4
2026-09-03,country,KE,14
2026-09-03,country,VN,20
2026-09-03,country,AL,5
2026-09-03,country,NI,5
2026-09-03,country,AU,4
2026-09-03,country,VE,15
2026-09-03,country,PA,4
2026-09-03,country,PK,20
2026-09-03,country,PE,20
2026-09-03,city,"Miami Gardens, Florida",43
2026-09-03,country,EC,8
2026-09-03,country,IN,156
2026-09-03,country,PH,9
2026-09-03,city,"Miami, Florida",324
2026-09-03,country,AZ,6
2026-09-03,country,IR,6
2026-09-03,country,JM,5
2026-09-03,country,KR,5
2026-09-03,country,AE,6
2026-09-03,country,EG,6
2026-09-03,country,CL,9
2026-09-03,country,MX,24
2026-09-03,country,NG,23
2026-09-03,country,US,5244
2026-09-03,country,ZA,5
2026-09-03,city,"West Kendall, Florida",77
2026-09-03,city,"The Crossings, Florida",35
2026-09-03,gender,U,1618
2026-09-03,city,"Miramar, Florida",137
2026-09-03,city,"Temple Terrace, Florida",31
2026-09-03,gender,F,1646
2026-09-03,city,"Coral Springs, Florida",35
2026-09-03,city,"Ives Estates, Florida",29
2026-09-03,city,"Kendall, Florida",81
2026-09-03,city,"Olympia Heights, Florida",25
2026-09-03,city,"Charlotte, North Carolina",28
2026-09-03,city,"Princeton, Florida",46
2026-09-03,city,"Austin, Texas",22
2026-09-03,city,"San Francisco, California",35
2026-09-03,country,PL,4
2026-09-03,city,"Richmond West, Florida",46
2026-09-03,age,18-24,1971
2026-09-03,age,35-44,687
2026-09-03,age,65+,63
2026-09-03,age,55-64,143
2026-09-03,city,"Fort Lauderdale, Florida",37
2026-09-03,city,"Coral Gables, Florida",30
2026-09-03,age,25-34,2831
2026-09-03,city,"Davie, Florida",71
2026-09-03,city,"Kendale Lakes, Florida",77
2026-09-03,city,"Miami Lakes, Florida",48
2026-09-03,age,13-17,9
2026-09-03,city,"Orlando, Florida",26
2026-09-03,city,"Gainesville, Florida",54
2026-09-03,gender,M,2745
2026-09-03,city,"New York, New York",85
2026-09-03,city,"Hollywood, Florida",61
2026-09-03,city,"The Hammocks, Florida",98
2026-09-03,city,"Sweetwater, Florida",428
2026-09-03,city,"Weston, Florida",49
2026-09-03,city,"Westchester, Florida",56
2026-09-03,city,"Tampa, Florida",32
2026-09-03,city,"Hialeah, Florida",130
2026-09-03,country,TR,6
2026-09-03,city,"Tamiami, Florida",106
2026-09-03,city,"Plantation, Florida",41
2026-09-03,city,"Doral, Florida",161
2026-09-03,city,"Country Club, Florida",57
2026-09-03,city,"North Miami Beach, Florida",33
2026-09-03,city,"North Miami, Florida",41
2026-09-03,city,"Pembroke Pines, Florida",125
2026-09-03,city,"Seattle, Washington",58
2026-09-03,city,"Homestead, Florida",50
2026-09-03,age,45-54,305
2026-09-03,city,"South Miami Heights, Florida",24
2026-09-05,age,13-17,10
2026-09-05,country,PL,4
2026-09-05,age,25-34,2843
2026-09-05,city,"The Hammocks, Florida",97
2026-09-05,age,55-64,143
2026-09-05,city,"Fort Lauderdale, Florida",34
2026-09-05,age,35-44,686
2026-09-05,city,"Kendale Lakes, Florida",77
2026-09-05,city,"Hollywood, Florida",63
2026-09-05,city,"Miami Lakes, Florida",49
2026-09-05,city,"Hialeah, Florida",129
2026-09-05,age,45-54,312
2026-09-05,city,"Tamiami, Florida",105
2026-09-05,city,"Kendall, Florida",80
2026-09-05,city,"Davie, Florida",72
2026-09-05,city,"Olympia Heights, Florida",27
2026-09-05,city,"Princeton, Florida",46
2026-09-05,city,"Ives Estates, Florida",30
2026-09-05,city,"Charlotte, North Carolina",28
2026-09-05,city,"Coral Springs, Florida",36
2026-09-05,age,18-24,1980
2026-09-05,city,"Seattle, Washington",56
2026-09-05,city,"Sweetwater, Florida",481
2026-09-05,age,65+,63
2026-09-05,city,"Miramar, Florida",141
2026-09-05,city,"The Crossings, Florida",35
2026-09-05,city,"Doral, Florida",157
2026-09-05,city,"West Kendall, Florida",81
2026-09-05,city,"New York, New York",84
2026-09-05,city,"North Miami, Florida",42
2026-09-05,city,"Homestead, Florida",49
2026-09-05,city,"Country Club, Florida",58
2026-09-05,city,"Union Park, Florida",43
2026-09-05,city,"Weston, Florida",45
2026-09-05,city,"San Francisco, California",33
2026-09-05,gender,F,1645
2026-09-05,country,TR,6
2026-09-05,city,"South Miami Heights, Florida",26
2026-09-05,city,"North Miami Beach, Florida",35
2026-09-05,city,"Pembroke Pines, Florida",129
2026-09-05,city,"Coral Gables, Florida",26
2026-09-05,city,"Orlando, Florida",23
2026-09-05,city,"Tampa, Florida",34
2026-09-05,city,"Plantation, Florida",41
2026-09-05,city,"Westchester, Florida",51
2026-09-05,gender,U,1629
2026-09-05,city,"Coral Terrace, Florida",23
2026-09-05,city,"Richmond West, Florida",49
2026-09-05,city,"Gainesville, Florida",65
2026-09-05,gender,M,2763
2026-09-05,country,AE,6
2026-09-05,country,CL,10
2026-09-05,country,TW,6
2026-09-05,country,VE,14
2026-09-05,country,PE,22
2026-09-05,city,"Sunrise, Florida",30
2026-09-05,city,"Miami Beach, Florida",34
2026-09-05,country,TT,7
2026-09-05,country,PR,12
2026-09-05,country,BD,10
2026-09-05,country,BR,26
2026-09-05,country,ES,25
2026-09-05,country,DE,10
2026-09-05,country,CA,61
2026-09-05,country,PA,4
2026-09-05,country,US,5273
2026-09-05,city,"Bangalore, Karnataka",29
2026-09-05,country,DZ,5
2026-09-05,country,GB,19
2026-09-05,city,"Miami, Florida",319
2026-09-05,country,FR,6
2026-09-05,country,ID,12
2026-09-05,country,KE,14
2026-09-05,country,IR,6
2026-09-05,city,"Cutler Bay, Florida",33
2026-09-05,country,RU,4
2026-09-05,country,KR,5
2026-09-05,country,PK,20
2026-09-05,country,CO,23
2026-09-05,country,KN,4
2026-09-05,country,AR,17
2026-09-05,country,GH,4
2026-09-05,country,CR,4
2026-09-05,country,JM,5
2026-09-05,country,ZA,6
2026-09-05,country,MX,24
2026-09-05,country,MA,10
2026-09-05,country,HK,4
2026-09-05,country,IN,155
2026-09-05,city,"Temple Terrace, Florida",33
2026-09-05,country,DO,11
2026-09-05,country,NG,23
2026-09-05,country,AZ,6
2026-09-05,country,VN,19
2026-09-05,country,PH,9
2026-09-05,country,NI,6
2026-09-05,country,AU,4
2026-09-05,city,"Miami Gardens, Florida",43
2026-09-05,country,EC,7
2026-09-05,country,AL,5
2026-09-07,country,KE,14
2026-09-07,country,HK,4
2026-09-07,city,"Miami, Florida",317
2026-09-07,country,ID,12
2026-09-07,country,FR,6
2026-09-07,country,DZ,6
2026-09-07,city,"Cutler Bay, Florida",35
2026-09-07,country,AL,5
2026-09-07,country,EC,6
2026-09-07,country,OM,5
2026-09-07,country,AE,5
2026-09-07,country,DO,11
2026-09-07,country,BR,22
2026-09-07,country,GB,18
2026-09-07,country,CA,60
2026-09-07,city,"North Miami Beach, Florida",33
2026-09-07,country,RU,4
2026-09-07,country,BD,10
2026-09-07,country,DE,10
2026-09-07,country,TT,8
2026-09-07,city,"Miami Beach, Florida",33
2026-09-07,country,NI,5
2026-09-07,city,"Sunrise, Florida",31
2026-09-07,country,MA,10
2026-09-07,country,ES,24
2026-09-07,country,EG,4
2026-09-07,country,AZ,6
2026-09-07,country,IL,4
2026-09-07,country,PE,21
2026-09-07,country,NG,23
2026-09-07,country,PA,5
2026-09-07,city,"Bangalore, Karnataka",26
2026-09-07,country,CR,4
2026-09-07,country,JM,5
2026-09-07,country,TW,6
2026-09-07,country,AR,16
2026-09-07,country,ZA,6
2026-09-07,country,CO,23
2026-09-07,country,MX,24
2026-09-07,city,"Miami Gardens, Florida",42
2026-09-07,country,VN,17
2026-09-07,country,VE,14
2026-09-07,country,US,5288
2026-09-07,country,GH,4
2026-09-07,country,CL,10
2026-09-07,country,KR,5
2026-09-07,country,IN,155
2026-09-07,country,PR,11
2026-09-07,country,IR,6
2026-09-07,country,PH,9
2026-09-07,age,55-64,143
2026-09-07,city,"South Miami Heights, Florida",27
2026-09-07,city,"Miramar, Florida",142
2026-09-07,age,35-44,686
2026-09-07,city,"Davie, Florida",73
2026-09-07,gender,F,1644
2026-09-07,city,"Miami Lakes, Florida",50
2026-09-07,city,"Ives Estates, Florida",29
2026-09-07,city,"Glenvar Heights, Florida",23
2026-09-07,city,"Gainesville, Florida",73
2026-09-07,city,"Tampa, Florida",32
2026-09-07,city,"Hialeah, Florida",126
2026-09-07,city,"Kendall, Florida",80
2026-09-07,city,"Temple Terrace, Florida",35
2026-09-07,country,PK,20
2026-09-07,city,"Coral Springs, Florida",34
2026-09-07,city,"Fort Lauderdale, Florida",33
2026-09-07,age,45-54,312
2026-09-07,age,13-17,10
2026-09-07,age,18-24,1981
2026-09-07,city,"Tamiami, Florida",108
2026-09-07,age,65+,63
2026-09-07,city,"Union Park, Florida",45
2026-09-07,city,"Princeton, Florida",45
2026-09-07,city,"Olympia Heights, Florida",27
2026-09-07,gender,U,1631
2026-09-07,city,"Seattle, Washington",55
2026-09-07,city,"Kendale Lakes, Florida",73
2026-09-07,city,"San Francisco, California",34
2026-09-07,country,TR,6
2026-09-07,city,"Weston, Florida",46
2026-09-07,city,"The Crossings, Florida",32
2026-09-07,city,"Westchester, Florida",53
2026-09-07,city,"Charlotte, North Carolina",30
2026-09-07,city,"Orlando, Florida",24
2026-09-07,city,"Doral, Florida",153
2026-09-07,city,"Plantation, Florida",41
2026-09-07,age,25-34,2846
2026-09-07,city,"Hollywood, Florida",64
2026-09-07,city,"Pembroke Pines, Florida",128
2026-09-07,city,"North Miami, Florida",47
2026-09-07,city,"New York, New York",85
2026-09-07,city,"The Hammocks, Florida",95
2026-09-07,city,"Sweetwater, Florida",535
2026-09-07,city,"Homestead, Florida",50
2026-09-07,city,"Coral Gables, Florida",28
2026-09-07,city,"Country Club, Florida",54
2026-09-07,city,"West Kendall, Florida",83
2026-09-07,gender,M,2766
2026-09-07,city,"Richmond West, Florida",46
2026-09-08,country,PL,4
2026-09-08,age,65+,65
2026-09-08,age,45-54,311
2026-09-08,age,13-17,10
2026-09-08,city,"Seattle, Washington",55
2026-09-08,city,"Kendall, Florida",75
2026-09-08,city,"Davie, Florida",71
2026-09-08,age,55-64,143
2026-09-08,age,35-44,686
2026-09-08,age,25-34,2846
2026-09-08,city,"Hialeah Gardens, Florida",23
2026-09-08,gender,M,2765
2026-09-08,city,"Richmond West, Florida",45
2026-09-08,gender,F,1650
2026-09-08,city,"Gainesville, Florida",73
2026-09-08,city,"Hialeah, Florida",126
2026-09-08,city,"Olympia Heights, Florida",28
2026-09-08,city,"Princeton, Florida",45
2026-09-08,city,"Miami Lakes, Florida",53
2026-09-08,city,"Fort Lauderdale, Florida",34
2026-09-08,gender,U,1629
2026-09-08,city,"Kendale Lakes, Florida",74
2026-09-08,city,"Union Park, Florida",45
2026-09-08,country,TR,6
2026-09-08,city,"Charlotte, North Carolina",29
2026-09-08,age,18-24,1983
2026-09-08,city,"Temple Terrace, Florida",37
2026-09-08,city,"Sweetwater, Florida",551
2026-09-08,city,"Homestead, Florida",52
2026-09-08,city,"North Miami, Florida",47
2026-09-08,city,"Miramar, Florida",141
2026-09-08,city,"West Kendall, Florida",82
2026-09-08,city,"Doral, Florida",152
2026-09-08,city,"The Hammocks, Florida",96
2026-09-08,city,"Ives Estates, Florida",28
2026-09-08,city,"Tampa, Florida",32
2026-09-08,city,"Tamiami, Florida",106
2026-09-08,city,"Country Club, Florida",54
2026-09-08,city,"South Miami Heights, Florida",28
2026-09-08,city,"Hollywood, Florida",64
2026-09-08,city,"Coral Springs, Florida",35
2026-09-08,city,"Plantation, Florida",41
2026-09-08,city,"Westchester, Florida",53
2026-09-08,city,"The Crossings, Florida",32
2026-09-08,city,"Weston, Florida",45
2026-09-08,city,"San Francisco, California",33
2026-09-08,city,"Pembroke Pines, Florida",130
2026-09-08,city,"Coral Gables, Florida",28
2026-09-08,city,"New York, New York",84
2026-09-08,city,"Orlando, Florida",25
2026-09-08,country,FR,6
2026-09-08,country,VE,14
2026-09-08,country,PR,11
2026-09-08,country,JM,5
2026-09-08,country,CL,9
2026-09-08,city,"Bangalore, Karnataka",26
2026-09-08,city,"Miami Beach, Florida",32
2026-09-08,country,TT,8
2026-09-08,country,DE,10
2026-09-08,country,HK,4
2026-09-08,country,US,5297
2026-09-08,country,MX,24
2026-09-08,city,"Miami Gardens, Florida",43
2026-09-08,country,ID,12
2026-09-08,country,MA,10
2026-09-08,country,BR,22
2026-09-08,country,EC,6
2026-09-08,country,DZ,6
2026-09-08,country,KE,14
2026-09-08,city,"Sunrise, Florida",31
2026-09-08,country,ES,24
2026-09-08,country,OM,5
2026-09-08,city,"Cutler Bay, Florida",34
2026-09-08,city,"Miami, Florida",316
2026-09-08,country,AL,5
2026-09-08,country,TW,6
2026-09-08,country,BD,10
2026-09-08,country,GB,17
2026-09-08,country,AZ,6
2026-09-08,country,NI,5
2026-09-08,country,DO,11
2026-09-08,country,IR,6
2026-09-08,country,NG,23
2026-09-08,country,EG,4
2026-09-08,country,IN,155
2026-09-08,country,KR,5
2026-09-08,country,PK,20
2026-09-08,country,ZA,6
2026-09-08,country,AE,5
2026-09-08,city,"North Miami Beach, Florida",32
2026-09-08,country,CA,60
2026-09-08,country,PA,5
2026-09-08,country,CO,22
2026-09-08,country,AR,15
2026-09-08,country,GH,4
2026-09-08,country,AU,4
2026-09-08,country,PE,21
2026-09-08,country,PH,9
2026-09-08,country,VN,15
2026-09-08,country,RU,4
2026-09-09,country,BR,22
2026-09-09,country,CA,60
2026-09-09,city,"Miami Beach, Florida",32
2026-09-09,country,AL,4
2026-09-09,country,GB,17
2026-09-09,country,KE,14
2026-09-09,country,DZ,6
2026-09-09,city,"Sunrise, Florida",32
2026-09-09,country,US,5306
2026-09-09,country,EC,6
2026-09-09,country,OM,5
2026-09-09,country,DO,11
2026-09-09,city,"Cutler Bay, Florida",31
2026-09-09,city,"Miami, Florida",318
2026-09-09,country,FR,6
2026-09-09,country,PR,11
2026-09-09,country,BD,10
2026-09-09,country,DE,10
2026-09-09,country,TT,8
2026-09-09,city,"Temple Terrace, Florida",36
2026-09-09,country,ID,12
2026-09-09,city,"New York, New York",84
2026-09-09,country,TW,7
2026-09-09,country,CR,4
2026-09-09,country,VN,14
2026-09-09,city,"Bangalore, Karnataka",26
2026-09-09,country,PH,9
2026-09-09,country,NI,5
2026-09-09,country,AU,4
2026-09-09,country,EG,4
2026-09-09,country,PA,5
2026-09-09,country,PE,21
2026-09-09,city,"Miami Gardens, Florida",44
2026-09-09,country,MA,10
2026-09-09,country,PK,20
2026-09-09,country,RU,4
2026-09-09,country,JM,5
2026-09-09,country,NG,23
2026-09-09,country,GH,4
2026-09-09,country,ES,24
2026-09-09,country,AZ,6
2026-09-09,country,MX,24
2026-09-09,country,IR,6
2026-09-09,country,ZA,6
2026-09-09,country,KR,5
2026-09-09,country,IN,154
2026-09-09,country,CO,22
2026-09-09,country,AE,6
2026-09-09,country,CL,9
2026-09-09,country,AR,15
2026-09-09,city,"Westchester, Florida",53
2026-09-09,gender,U,1632
2026-09-09,city,"Miami Lakes, Florida",53
2026-09-09,age,25-34,2844
2026-09-09,city,"San Francisco, California",33
2026-09-09,city,"Gainesville, Florida",73
2026-09-09,city,"Fort Lauderdale, Florida",35
2026-09-09,city,"Coral Springs, Florida",35
2026-09-09,city,"Ives Estates, Florida",27
2026-09-09,city,"Olympia Heights, Florida",28
2026-09-09,city,"Davie, Florida",73
2026-09-09,city,"Princeton, Florida",48
2026-09-09,city,"Hialeah, Florida",125
2026-09-09,age,13-17,10
2026-09-09,country,TR,6
2026-09-09,country,PL,4
2026-09-09,city,"Miramar, Florida",137
2026-09-09,age,18-24,1988
2026-09-09,city,"Tamiami, Florida",108
2026-09-09,age,35-44,687
2026-09-09,city,"Kendale Lakes, Florida",74
2026-09-09,age,45-54,313
2026-09-09,city,"Kendall, Florida",76
2026-09-09,age,55-64,143
2026-09-09,city,"Sweetwater, Florida",567
2026-09-09,age,65+,64
2026-09-09,city,"Homestead, Florida",52
2026-09-09,city,"Orlando, Florida",25
2026-09-09,city,"The Hammocks, Florida",95
2026-09-09,city,"South Miami Heights, Florida",28
2026-09-09,city,"Country Club, Florida",55
2026-09-09,city,"Coral Gables, Florida",28
2026-09-09,city,"Weston, Florida",48
2026-09-09,city,"Hollywood, Florida",62
2026-09-09,city,"Plantation, Florida",41
2026-09-09,city,"Tampa, Florida",32
2026-09-09,gender,M,2766
2026-09-09,city,"Seattle, Washington",55
2026-09-09,city,"The Crossings, Florida",32
2026-09-09,city,"Charlotte, North Carolina",28
2026-09-09,city,"North Miami Beach, Florida",31
2026-09-09,city,"West Kendall, Florida",80
2026-09-09,city,"Union Park, Florida",45
2026-09-09,city,"North Miami, Florida",50
2026-09-09,city,"Austin, Texas",22
2026-09-09,city,"Doral, Florida",153
2026-09-09,city,"Pembroke Pines, Florida",125
2026-09-09,city,"Richmond West, Florida",45
2026-09-09,gender,F,1651
2026-09-09,country,VE,13
2026-09-10,city,"Seattle, Washington",55
2026-09-10,age,65+,65
2026-09-10,gender,U,1636
2026-09-10,age,35-44,687
2026-09-10,city,"New York, New York",82
2026-09-10,city,"Richmond West, Florida",45
2026-09-10,city,"Miami Lakes, Florida",52
2026-09-10,country,PL,4
2026-09-10,age,55-64,143
2026-09-10,age,25-34,2847
2026-09-10,city,"Orlando, Florida",25
2026-09-10,city,"Kendall, Florida",77
2026-09-10,age,13-17,10
2026-09-10,country,TR,6
2026-09-10,city,"Davie, Florida",73
2026-09-10,city,"Kendale Lakes, Florida",74
2026-09-10,city,"Fort Lauderdale, Florida",35
2026-09-10,gender,M,2765
2026-09-10,city,"Gainesville, Florida",76
2026-09-10,city,"Hialeah, Florida",123
2026-09-10,city,"Olympia Heights, Florida",27
2026-09-10,age,18-24,1987
2026-09-10,city,"Princeton, Florida",49
2026-09-10,city,"Hollywood, Florida",63
2026-09-10,city,"Pembroke Pines, Florida",124
2026-09-10,city,"The Crossings, Florida",32
2026-09-10,city,"Charlotte, North Carolina",28
2026-09-10,age,45-54,314
2026-09-10,city,"Coral Gables, Florida",29
2026-09-10,city,"Country Club, Florida",52
2026-09-10,city,"Tamiami, Florida",106
2026-09-10,city,"Doral, Florida",153
2026-09-10,city,"West Kendall, Florida",83
2026-09-10,city,"Glenvar Heights, Florida",21
2026-09-10,city,"North Miami Beach, Florida",29
2026-09-10,city,"San Francisco, California",33
2026-09-10,city,"South Miami Heights, Florida",28
2026-09-10,city,"North Miami, Florida",53
2026-09-10,city,"Homestead, Florida",51
2026-09-10,city,"Union Park, Florida",49
2026-09-10,city,"Sweetwater, Florida",576
2026-09-10,city,"The Hammocks, Florida",95
2026-09-10,city,"Coral Springs, Florida",35
2026-09-10,gender,F,1652
2026-09-10,city,"Tampa, Florida",34
2026-09-10,city,"Plantation, Florida",41
2026-09-10,city,"Westchester, Florida",52
2026-09-10,city,"Weston, Florida",46
2026-09-10,city,"Miramar, Florida",133
2026-09-10,city,"Ives Estates, Florida",27
2026-09-10,country,PR,11
2026-09-10,country,AL,4
2026-09-10,country,MX,24
2026-09-10,country,JM,5
2026-09-10,country,CO,22
2026-09-10,country,ES,24
2026-09-10,country,GH,4
2026-09-10,country,RU,4
2026-09-10,city,"Miami Beach, Florida",33
2026-09-10,city,"Sunrise, Florida",37
2026-09-10,country,TT,8
2026-09-10,country,US,5312
2026-09-10,country,DO,11
2026-09-10,country,GB,17
2026-09-10,country,BR,21
2026-09-10,country,TW,7
2026-09-10,country,ID,12
2026-09-10,city,"Miami Gardens, Florida",42
2026-09-10,country,DZ,6
2026-09-10,city,"Temple Terrace, Florida",37
2026-09-10,country,MA,10
2026-09-10,city,"Cutler Bay, Florida",31
2026-09-10,country,AU,4
2026-09-10,country,BD,10
2026-09-10,country,IR,6
2026-09-10,country,DE,10
2026-09-10,country,FR,6
2026-09-10,country,VE,13
2026-09-10,country,AR,15
2026-09-10,country,CR,4
2026-09-10,country,CA,60
2026-09-10,country,IN,154
2026-09-10,country,ZA,5
2026-09-10,city,"Bangalore, Karnataka",27
2026-09-10,country,PK,19
2026-09-10,country,AE,6
2026-09-10,country,KR,5
2026-09-10,country,CL,10
2026-09-10,country,IL,4
2026-09-10,country,VN,14
2026-09-10,city,"Miami, Florida",321
2026-09-10,country,EC,5
2026-09-10,country,NG,23
2026-09-10,country,NI,5
2026-09-10,country,KE,15
2026-09-10,country,AZ,6
2026-09-10,country,PA,5
2026-09-10,country,PE,22
2026-09-10,country,OM,5
2026-09-10,country,PH,9
2026-09-11,country,BR,21
2026-09-11,city,"Miami Gardens, Florida",42
2026-09-11,country,GB,17
2026-09-11,country,MA,10
2026-09-11,country,DO,11
2026-09-11,country,KE,15
2026-09-11,country,OM,5
2026-09-11,country,JM,5
2026-09-11,country,ID,12
2026-09-11,country,AL,4
2026-09-11,country,TW,7
2026-09-11,country,RU,4
2026-09-11,city,"Cutler Bay, Florida",31
2026-09-11,country,FR,6
2026-09-11,country,HK,4
2026-09-11,country,PR,11
2026-09-11,country,BD,10
2026-09-11,country,DE,10
2026-09-11,country,TT,8
2026-09-11,city,"Sunrise, Florida",37
2026-09-11,city,"Miami Beach, Florida",33
2026-09-11,country,US,5320
2026-09-11,country,CA,60
2026-09-11,country,CR,4
2026-09-11,country,GH,4
2026-09-11,city,"Bangalore, Karnataka",27
2026-09-11,city,"Union Park, Florida",49
2026-09-11,country,DZ,6
2026-09-11,country,EC,6
2026-09-11,country,VE,13
2026-09-11,country,PA,5
2026-09-11,country,AR,15
2026-09-11,country,NI,5
2026-09-11,country,PH,9
2026-09-11,country,VN,14
2026-09-11,country,PE,22
2026-09-11,country,MX,24
2026-09-11,city,"Miami, Florida",319
2026-09-11,country,AZ,6
2026-09-11,country,IR,6
2026-09-11,country,CO,22
2026-09-11,country,KR,5
2026-09-11,country,ES,24
2026-09-11,country,IN,154
2026-09-11,country,AE,6
2026-09-11,country,IL,4
2026-09-11,country,NG,23
2026-09-11,country,CL,10
2026-09-11,country,ZA,5
2026-09-11,country,PK,18
2026-09-11,city,"Miami Lakes, Florida",52
2026-09-11,city,"Plantation, Florida",41
2026-09-11,age,65+,64
2026-09-11,city,"Davie, Florida",74
2026-09-11,city,"Seattle, Washington",55
2026-09-11,city,"Fort Lauderdale, Florida",35
2026-09-11,city,"Coral Springs, Florida",35
2026-09-11,city,"Ives Estates, Florida",27
2026-09-11,city,"Princeton, Florida",48
2026-09-11,city,"Olympia Heights, Florida",27
2026-09-11,city,"Hialeah, Florida",123
2026-09-11,city,"Gainesville, Florida",76
2026-09-11,gender,U,1637
2026-09-11,city,"Miramar, Florida",133
2026-09-11,age,55-64,143
2026-09-11,country,PL,4
2026-09-11,age,35-44,688
2026-09-11,country,TR,6
2026-09-11,city,"New York, New York",82
2026-09-11,city,"Kendale Lakes, Florida",74
2026-09-11,gender,F,1653
2026-09-11,age,13-17,10
2026-09-11,age,18-24,1992
2026-09-11,city,"Sweetwater, Florida",582
2026-09-11,city,"Pembroke Pines, Florida",124
2026-09-11,age,25-34,2851
2026-09-11,city,"Kendall, Florida",77
2026-09-11,city,"Orlando, Florida",25
2026-09-11,city,"Westchester, Florida",52
2026-09-11,city,"San Francisco, California",33
2026-09-11,city,"Charlotte, North Carolina",28
2026-09-11,city,"Richmond West, Florida",45
2026-09-11,city,"The Hammocks, Florida",96
2026-09-11,city,"Weston, Florida",46
2026-09-11,city,"South Miami Heights, Florida",28
2026-09-11,city,"Tampa, Florida",34
2026-09-11,city,"Hollywood, Florida",63
2026-09-11,city,"Coral Gables, Florida",29
2026-09-11,city,"The Crossings, Florida",32
2026-09-11,city,"Homestead, Florida",51
2026-09-11,city,"North Miami, Florida",53
2026-09-11,gender,M,2770
2026-09-11,age,45-54,312
2026-09-11,city,"North Miami Beach, Florida",29
2026-09-11,city,"Temple Terrace, Florida",37
2026-09-11,city,"West Kendall, Florida",83
2026-09-11,city,"Doral, Florida",153
2026-09-11,city,"Tamiami, Florida",106
2026-09-11,city,"Country Club, Florida",52
2026-09-11,city,"Austin, Texas",21
2026-09-12,gender,F,1651
2026-09-12,age,35-44,688
2026-09-12,city,"Seattle, Washington",54
2026-09-12,age,55-64,143
2026-09-12,city,"Richmond West, Florida",45
2026-09-12,age,18-24,1991
2026-09-12,city,"Tampa, Florida",34
2026-09-12,city,"San Francisco, California",31
2026-09-12,age,65+,64
2026-09-12,age,25-34,2853
2026-09-12,age,45-54,311
2026-09-12,city,"Miami Lakes, Florida",48
2026-09-12,city,"Sweetwater, Florida",620
2026-09-12,city,"New York, New York",81
2026-09-12,city,"Hialeah Gardens, Florida",22
2026-09-12,city,"Davie, Florida",72
2026-09-12,city,"Kendall, Florida",82
2026-09-12,city,"Hialeah, Florida",122
2026-09-12,city,"Olympia Heights, Florida",27
2026-09-12,city,"Princeton, Florida",47
2026-09-12,city,"Ives Estates, Florida",26
2026-09-12,country,PL,4
2026-09-12,city,"Coral Springs, Florida",33
2026-09-12,city,"Kendale Lakes, Florida",68
2026-09-12,gender,U,1637
2026-09-12,age,13-17,11
2026-09-12,city,"The Hammocks, Florida",99
2026-09-12,city,"Gainesville, Florida",77
2026-09-12,city,"Pembroke Pines, Florida",121
2026-09-12,city,"Homestead, Florida",49
2026-09-12,city,"Tamiami, Florida",101
2026-09-12,city,"Country Club, Florida",52
2026-09-12,city,"West Kendall, Florida",80
2026-09-12,city,"Doral, Florida",154
2026-09-12,city,"Union Park, Florida",50
2026-09-12,city,"Charlotte, North Carolina",28
2026-09-12,city,"North Miami, Florida",51
2026-09-12,city,"Hollywood, Florida",61
2026-09-12,gender,M,2773
2026-09-12,country,TR,6
2026-09-12,city,"South Miami Heights, Florida",27
2026-09-12,city,"Plantation, Florida",42
2026-09-12,city,"Westchester, Florida",53
2026-09-12,city,"The Crossings, Florida",32
2026-09-12,city,"Weston, Florida",46
2026-09-12,city,"Orlando, Florida",23
2026-09-12,city,"Miramar, Florida",133
2026-09-12,city,"Coral Gables, Florida",28
2026-09-12,city,"Fort Lauderdale, Florida",34
2026-09-12,city,"North Miami Beach, Florida",31
2026-09-12,country,DZ,6
2026-09-12,country,AU,4
2026-09-12,country,ES,23
2026-09-12,city,"Miami, Florida",319
2026-09-12,city,"Miami Beach, Florida",34
2026-09-12,city,"Sunrise, Florida",36
2026-09-12,country,TT,7
2026-09-12,country,DE,10
2026-09-12,country,BD,10
2026-09-12,country,PR,11
2026-09-12,country,JM,5
2026-09-12,city,"Cutler Bay, Florida",33
2026-09-12,country,FR,6
2026-09-12,country,OM,6
2026-09-12,country,CA,61
2026-09-12,country,ID,12
2026-09-12,country,BR,21
2026-09-12,country,DO,11
2026-09-12,country,ZA,5
2026-09-12,country,CO,22
2026-09-12,city,"Temple Terrace, Florida",39
2026-09-12,country,KE,15
2026-09-12,country,VE,13
2026-09-12,country,CL,10
2026-09-12,country,MA,10
2026-09-12,country,TW,7
2026-09-12,country,GH,4
2026-09-12,country,HK,4
2026-09-12,country,VN,14
2026-09-12,country,IL,4
2026-09-12,country,AE,6
2026-09-12,country,IN,153
2026-09-12,country,MX,24
2026-09-12,country,IR,6
2026-09-12,country,AL,4
2026-09-12,country,KR,5
2026-09-12,country,RU,4
2026-09-12,city,"Bangalore, Karnataka",28
2026-09-12,country,PK,18
2026-09-12,country,EC,6
2026-09-12,country,NG,23
2026-09-12,country,PH,9
2026-09-12,city,"Miami Gardens, Florida",39
2026-09-12,country,PA,5
2026-09-12,country,AZ,6
2026-09-12,country,PE,22
2026-09-12,country,CR,4
2026-09-12,country,GB,17
2026-09-12,country,AR,15
2026-09-12,country,US,5327
2026-09-13,country,ID,12
2026-09-13,country,JM,5
2026-09-13,country,AU,4
2026-09-13,country,EC,6
2026-09-13,country,GB,17
2026-09-13,country,TW,7
2026-09-13,country,MX,24
2026-09-13,country,PR,11
2026-09-13,country,DO,12
2026-09-13,country,DZ,6
2026-09-13,country,TT,7
2026-09-13,city,"Miami Beach, Florida",34
2026-09-13,country,BR,21
2026-09-13,city,"Temple Terrace, Florida",38
2026-09-13,country,BD,10
2026-09-13,city,"Sunrise, Florida",34
2026-09-13,city,"Miami, Florida",322
2026-09-13,city,"Cutler Bay, Florida",36
2026-09-13,country,RU,4
2026-09-13,country,CO,22
2026-09-13,country,KE,15
2026-09-13,country,OM,6
2026-09-13,country,CA,61
2026-09-13,country,MA,10
2026-09-13,country,DE,10
2026-09-13,city,"Miami Gardens, Florida",39
2026-09-13,country,PK,19
2026-09-13,country,VE,13
2026-09-13,country,US,5328
2026-09-13,country,PA,5
2026-09-13,country,PH,9
2026-09-13,country,PE,22
2026-09-13,country,NG,23
2026-09-13,country,AZ,6
2026-09-13,country,AR,15
2026-09-13,country,CR,4
2026-09-13,country,VN,14
2026-09-13,country,KR,5
2026-09-13,country,HK,4
2026-09-13,country,AL,4
2026-09-13,country,CL,10
2026-09-13,country,IN,153
2026-09-13,country,IL,4
2026-09-13,country,ES,22
2026-09-13,country,GH,4
2026-09-13,country,IR,6
2026-09-13,city,"Bangalore, Karnataka",28
2026-09-13,country,ZA,5
2026-09-13,country,AE,6
2026-09-13,country,FR,6
2026-09-13,age,25-34,2855
2026-09-13,city,"Hollywood, Florida",61
2026-09-13,city,"Orlando, Florida",24
2026-09-13,city,"Seattle, Washington",55
2026-09-13,city,"Ives Estates, Florida",26
2026-09-13,city,"Princeton, Florida",46
2026-09-13,city,"Olympia Heights, Florida",27
2026-09-13,city,"Hialeah, Florida",117
2026-09-13,city,"Davie, Florida",72
2026-09-13,city,"Miramar, Florida",136
2026-09-13,city,"Kendall, Florida",81
2026-09-13,city,"Fort Lauderdale, Florida",34
2026-09-13,age,55-64,143
2026-09-13,age,45-54,311
2026-09-13,age,13-17,11
2026-09-13,gender,U,1640
2026-09-13,country,TR,6
2026-09-13,country,PL,4
2026-09-13,city,"Coral Springs, Florida",32
2026-09-13,age,18-24,1990
2026-09-13,age,35-44,688
2026-09-13,city,"The Hammocks, Florida",100
2026-09-13,city,"Miami Lakes, Florida",49
2026-09-13,city,"Kendale Lakes, Florida",70
2026-09-13,city,"Gainesville, Florida",77
2026-09-13,city,"Sweetwater, Florida",635
2026-09-13,city,"San Francisco, California",30
2026-09-13,age,65+,64
2026-09-13,city,"Coral Gables, Florida",27
2026-09-13,gender,F,1649
2026-09-13,city,"Weston, Florida",44
2026-09-13,city,"The Crossings, Florida",30
2026-09-13,city,"Westchester, Florida",54
2026-09-13,city,"Plantation, Florida",40
2026-09-13,city,"South Miami Heights, Florida",25
2026-09-13,city,"Charlotte, North Carolina",28
2026-09-13,city,"Richmond West, Florida",44
2026-09-13,gender,M,2773
2026-09-13,city,"Tampa, Florida",35
2026-09-13,city,"New York, New York",80
2026-09-13,city,"Tamiami, Florida",101
2026-09-13,city,"North Miami, Florida",50
2026-09-13,city,"Union Park, Florida",52
2026-09-13,city,"Doral, Florida",154
2026-09-13,city,"Homestead, Florida",47
2026-09-13,city,"North Miami Beach, Florida",32
2026-09-13,city,"Country Club, Florida",51
2026-09-13,city,"West Kendall, Florida",79
2026-09-13,city,"Pembroke Pines, Florida",119
2026-09-13,city,"Hallandale Beach, Florida",22
2026-09-14,age,25-34,2858
2026-09-14,city,"Miami Lakes, Florida",51
2026-09-14,country,TR,7
2026-09-14,country,PL,4
2026-09-14,city,"Gainesville, Florida",78
2026-09-14,age,18-24,1989
2026-09-14,city,"New York, New York",82
2026-09-14,city,"Fort Lauderdale, Florida",34
2026-09-14,age,55-64,143
2026-09-14,age,13-17,11
2026-09-14,city,"Kendale Lakes, Florida",69
2026-09-14,gender,U,1638
2026-09-14,city,"Coral Springs, Florida",32
2026-09-14,city,"Hallandale Beach, Florida",22
2026-09-14,city,"Miramar, Florida",133
2026-09-14,city,"Kendall, Florida",78
2026-09-14,city,"Hialeah, Florida",117
2026-09-14,city,"Olympia Heights, Florida",27
2026-09-14,city,"Princeton, Florida",46
2026-09-14,city,"Ives Estates, Florida",26
2026-09-14,age,45-54,310
2026-09-14,gender,F,1651
2026-09-14,age,65+,64
2026-09-14,city,"Richmond West, Florida",44
2026-09-14,city,"Doral, Florida",155
2026-09-14,city,"North Miami, Florida",51
2026-09-14,city,"Davie, Florida",71
2026-09-14,city,"Tamiami, Florida",101
2026-09-14,city,"West Kendall, Florida",78
2026-09-14,city,"Country Club, Florida",49
2026-09-14,city,"Coral Gables, Florida",26
2026-09-14,city,"Homestead, Florida",47
2026-09-14,city,"Pembroke Pines, Florida",120
2026-09-14,city,"Union Park, Florida",53
2026-09-14,city,"Temple Terrace, Florida",39
2026-09-14,city,"The Hammocks, Florida",101
2026-09-14,city,"Orlando, Florida",25
2026-09-14,gender,M,2774
2026-09-14,city,"San Francisco, California",30
2026-09-14,city,"Charlotte, North Carolina",28
2026-09-14,city,"South Miami Heights, Florida",26
2026-09-14,city,"Tampa, Florida",33
2026-09-14,city,"Seattle, Washington",55
2026-09-14,city,"Westchester, Florida",54
2026-09-14,city,"The Crossings, Florida",29
2026-09-14,city,"Weston, Florida",43
2026-09-14,city,"Sweetwater, Florida",644
2026-09-14,city,"Hollywood, Florida",62
2026-09-14,city,"Plantation, Florida",40
2026-09-14,age,35-44,688
2026-09-14,country,AU,4
2026-09-14,country,AE,6
2026-09-14,country,DE,10
2026-09-14,country,JM,5
2026-09-14,country,PK,19
2026-09-14,city,"Cutler Bay, Florida",34
2026-09-14,city,"Miami Beach, Florida",34
2026-09-14,city,"Sunrise, Florida",34
2026-09-14,country,TT,6
2026-09-14,country,BD,10
2026-09-14,country,PR,11
2026-09-14,country,AL,4
2026-09-14,country,HK,4
2026-09-14,country,CA,61
2026-09-14,country,OM,6
2026-09-14,country,GB,17
2026-09-14,country,DO,12
2026-09-14,country,BR,21
2026-09-14,country,EC,7
2026-09-14,country,DZ,6
2026-09-14,country,RU,4
2026-09-14,country,FR,6
2026-09-14,country,KE,15
2026-09-14,country,ID,12
2026-09-14,country,MA,10
2026-09-14,city,"North Miami Beach, Florida",33
2026-09-14,country,US,5329
2026-09-14,country,TW,7
2026-09-14,country,KR,5
2026-09-14,country,MX,24
2026-09-14,city,"Miami Gardens, Florida",38
2026-09-14,country,IR,6
2026-09-14,country,GH,4
2026-09-14,country,ES,22
2026-09-14,country,IN,153
2026-09-14,country,CL,10
2026-09-14,country,CO,22
2026-09-14,city,"Bangalore, Karnataka",29
2026-09-14,country,IL,4
2026-09-14,city,"Miami, Florida",320
2026-09-14,country,AZ,6
2026-09-14,country,PA,5
2026-09-14,country,CR,4
2026-09-14,country,VE,13
2026-09-14,country,VN,14
2026-09-14,country,PH,9
2026-09-14,country,PE,21
2026-09-14,country,NG,23
2026-09-14,country,AR,15
2026-09-14,country,ZA,5
2026-09-16,country,GB,18
2026-09-16,city,"Bangalore, Karnataka",28
2026-09-16,country,KE,15
2026-09-16,country,TW,7
2026-09-16,country,MA,10
2026-09-16,country,BR,22
2026-09-16,country,FR,6
2026-09-16,country,ID,12
2026-09-16,country,EC,7
2026-09-16,country,DZ,6
2026-09-16,country,JM,5
2026-09-16,city,"Miami Beach, Florida",34
2026-09-16,city,"Miami, Florida",315
2026-09-16,country,RU,4
2026-09-16,country,PR,10
2026-09-16,country,BD,10
2026-09-16,country,DE,10
2026-09-16,country,TT,6
2026-09-16,city,"Sunrise, Florida",35
2026-09-16,country,DO,12
2026-09-16,city,"Cutler Bay, Florida",33
2026-09-16,country,OM,6
2026-09-16,country,PK,19
2026-09-16,country,IN,152
2026-09-16,country,IR,6
2026-09-16,country,CO,21
2026-09-16,country,AU,4
2026-09-16,country,VN,12
2026-09-16,country,PH,9
2026-09-16,country,VE,13
2026-09-16,country,NG,23
2026-09-16,country,AR,15
2026-09-16,country,PA,5
2026-09-16,country,HK,4
2026-09-16,country,CR,4
2026-09-16,city,"North Miami Beach, Florida",36
2026-09-16,country,AZ,6
2026-09-16,country,CA,61
2026-09-16,country,US,5348
2026-09-16,country,CL,10
2026-09-16,country,ZA,5
2026-09-16,country,AE,6
2026-09-16,country,IL,4
2026-09-16,country,ES,21
2026-09-16,country,MX,24
2026-09-16,country,GH,4
2026-09-16,country,AL,4
2026-09-16,country,KR,6
2026-09-16,city,"Miami Gardens, Florida",41
2026-09-16,country,PE,20
2026-09-16,city,"Plantation, Florida",41
2026-09-16,country,TR,7
2026-09-16,city,"Ives Estates, Florida",27
2026-09-16,city,"Princeton, Florida",44
2026-09-16,city,"Olympia Heights, Florida",28
2026-09-16,city,"Hialeah, Florida",121
2026-09-16,city,"Kendall, Florida",79
2026-09-16,city,"Gainesville, Florida",78
2026-09-16,city,"Davie, Florida",70
2026-09-16,city,"Miramar, Florida",135
2026-09-16,gender,M,2783
2026-09-16,age,65+,64
2026-09-16,city,"Orlando, Florida",25
2026-09-16,age,18-24,1992
2026-09-16,gender,F,1652
2026-09-16,city,"Kendale Lakes, Florida",66
2026-09-16,country,PL,4
2026-09-16,age,55-64,143
2026-09-16,city,"Miami Lakes, Florida",50
2026-09-16,age,25-34,2866
2026-09-16,age,35-44,690
2026-09-16,age,45-54,311
2026-09-16,age,13-17,11
2026-09-16,city,"San Francisco, California",30
2026-09-16,city,"Hallandale Beach, Florida",22
2026-09-16,city,"Coral Gables, Florida",25
2026-09-16,city,"New York, New York",82
2026-09-16,gender,U,1642
2026-09-16,city,"The Hammocks, Florida",101
2026-09-16,city,"Sweetwater, Florida",654
2026-09-16,city,"Weston, Florida",45
2026-09-16,city,"The Crossings, Florida",30
2026-09-16,city,"Westchester, Florida",55
2026-09-16,city,"Richmond West, Florida",44
2026-09-16,city,"Hollywood, Florida",62
2026-09-16,city,"South Miami Heights, Florida",26
2026-09-16,city,"Tampa, Florida",35
2026-09-16,city,"Temple Terrace, Florida",39
2026-09-16,city,"Charlotte, North Carolina",29
2026-09-16,city,"Tamiami, Florida",101
2026-09-16,city,"Fort Lauderdale, Florida",35
2026-09-16,city,"Doral, Florida",161
2026-09-16,city,"West Kendall, Florida",76
2026-09-16,city,"Country Club, Florida",49
2026-09-16,city,"Seattle, Washington",56
2026-09-16,city,"Homestead, Florida",47
2026-09-16,city,"Pembroke Pines, Florida",119
2026-09-16,city,"Union Park, Florida",56
2026-09-16,city,"North Miami, Florida",51
2026-09-16,city,"Coral Springs, Florida",31
2026-09-17,city,"Seattle, Washington",57
2026-09-17,country,PL,4
2026-09-17,age,55-64,143
2026-09-17,age,18-24,1994
2026-09-17,age,13-17,11
2026-09-17,age,35-44,690
2026-09-17,city,"Country Club, Florida",52
2026-09-17,city,"New York, New York",82
2026-09-17,age,25-34,2883
2026-09-17,city,"Kendale Lakes, Florida",66
2026-09-17,city,"Miramar, Florida",135
2026-09-17,gender,M,2797
2026-09-17,country,TR,8
2026-09-17,city,"Davie, Florida",72
2026-09-17,city,"Coral Terrace, Florida",23
2026-09-17,city,"Kendall, Florida",79
2026-09-17,city,"Hialeah, Florida",125
2026-09-17,city,"Olympia Heights, Florida",29
2026-09-17,city,"Princeton, Florida",46
2026-09-17,city,"Ives Estates, Florida",26
2026-09-17,gender,F,1653
2026-09-17,age,65+,64
2026-09-17,city,"South Miami Heights, Florida",25
2026-09-17,city,"Gainesville, Florida",79
2026-09-17,city,"Charlotte, North Carolina",29
2026-09-17,city,"Coral Gables, Florida",25
2026-09-17,city,"Miami Lakes, Florida",48
2026-09-17,city,"Richmond West, Florida",44
2026-09-17,city,"Union Park, Florida",57
2026-09-17,city,"Pembroke Pines, Florida",122
2026-09-17,city,"San Francisco, California",28
2026-09-17,city,"North Miami, Florida",52
2026-09-17,city,"Temple Terrace, Florida",42
2026-09-17,city,"Homestead, Florida",49
2026-09-17,city,"West Kendall, Florida",79
2026-09-17,city,"Doral, Florida",157
2026-09-17,age,45-54,313
2026-09-17,city,"Tamiami, Florida",101
2026-09-17,gender,U,1648
2026-09-17,city,"Hollywood, Florida",60
2026-09-17,city,"Orlando, Florida",26
2026-09-17,city,"Plantation, Florida",43
2026-09-17,city,"Westchester, Florida",54
2026-09-17,city,"The Crossings, Florida",29
2026-09-17,city,"Weston, Florida",49
2026-09-17,city,"Sweetwater, Florida",652
2026-09-17,city,"Fort Lauderdale, Florida",37
2026-09-17,city,"Coral Springs, Florida",32
2026-09-17,city,"Tampa, Florida",34
2026-09-17,city,"The Hammocks, Florida",104
2026-09-17,country,HK,4
2026-09-17,country,CL,10
2026-09-17,city,"Miami, Florida",315
2026-09-17,country,BR,21
2026-09-17,country,JM,5
2026-09-17,country,TT,6
2026-09-17,country,DE,10
2026-09-17,country,PR,10
2026-09-17,country,RU,4
2026-09-17,city,"North Miami Beach, Florida",38
2026-09-17,country,DO,12
2026-09-17,country,BD,10
2026-09-17,city,"Sunrise, Florida",35
2026-09-17,country,KE,15
2026-09-17,country,EC,7
2026-09-17,city,"Cutler Bay, Florida",34
2026-09-17,country,CO,20
2026-09-17,country,MA,10
2026-09-17,country,DZ,6
2026-09-17,country,PK,18
2026-09-17,country,ID,12
2026-09-17,country,FR,6
2026-09-17,city,"Miami Beach, Florida",34
2026-09-17,country,GB,18
2026-09-17,country,CR,4
2026-09-17,country,CA,61
2026-09-17,city,"Bangalore, Karnataka",27
2026-09-17,country,GH,4
2026-09-17,country,TW,6
2026-09-17,country,AU,4
2026-09-17,country,IL,4
2026-09-17,country,AE,6
2026-09-17,country,IN,151
2026-09-17,country,ZA,5
2026-09-17,country,AL,4
2026-09-17,country,MX,24
2026-09-17,country,IR,6
2026-09-17,country,KR,6
2026-09-17,country,ES,21
2026-09-17,country,VE,13
2026-09-17,country,OM,6
2026-09-17,country,PA,5
2026-09-17,country,AR,15
2026-09-17,country,NG,23
2026-09-17,country,PE,20
2026-09-17,country,US,5374
2026-09-17,city,"Miami Gardens, Florida",41
2026-09-17,country,VN,11
2026-09-17,country,AZ,6
2026-09-17,country,PH,9
2026-09-18,country,ID,12
2026-09-18,country,OM,6
2026-09-18,city,"Cutler Bay, Florida",34
2026-09-18,country,JM,5
2026-09-18,country,KE,15
2026-09-18,country,DZ,6
2026-09-18,country,EC,7
2026-09-18,city,"Bangalore, Karnataka",27
2026-09-18,country,FR,6
2026-09-18,country,BR,21
2026-09-18,country,PR,10
2026-09-18,country,CA,61
2026-09-18,city,"Miami, Florida",316
2026-09-18,city,"North Miami Beach, Florida",38
2026-09-18,country,HK,4
2026-09-18,country,BD,10
2026-09-18,country,DE,10
2026-09-18,country,TT,6
2026-09-18,city,"Sunrise, Florida",35
2026-09-18,country,AU,4
2026-09-18,city,"Miami Beach, Florida",34
2026-09-18,country,DO,12
2026-09-18,country,IR,6
2026-09-18,country,GB,18
2026-09-18,country,PA,5
2026-09-18,country,US,5394
2026-09-18,country,TW,6
2026-09-18,country,RU,4
2026-09-18,country,AR,15
2026-09-18,country,NG,23
2026-09-18,country,PE,20
2026-09-18,country,PH,9
2026-09-18,country,VN,12
2026-09-18,country,AZ,6
2026-09-18,country,CR,4
2026-09-18,country,PK,18
2026-09-18,city,"Miami Gardens, Florida",41
2026-09-18,country,KR,6
2026-09-18,country,MX,24
2026-09-18,country,AL,4
2026-09-18,country,CL,10
2026-09-18,country,GH,4
2026-09-18,country,IN,151
2026-09-18,country,AE,6
2026-09-18,country,IL,4
2026-09-18,country,ES,21
2026-09-18,country,VE,13
2026-09-18,country,ZA,6
2026-09-18,country,CO,20
2026-09-18,country,MA,10
2026-09-18,age,45-54,315
2026-09-18,city,"New York, New York",82
2026-09-18,city,"Kendall, Florida",80
2026-09-18,age,65+,64
2026-09-18,gender,F,1655
2026-09-18,city,"Miami Lakes, Florida",49
2026-09-18,city,"Ives Estates, Florida",26
2026-09-18,city,"Princeton, Florida",46
2026-09-18,city,"Olympia Heights, Florida",29
2026-09-18,city,"Hialeah, Florida",125
2026-09-18,city,"Gainesville, Florida",80
2026-09-18,city,"South Miami Heights, Florida",25
2026-09-18,gender,M,2811
2026-09-18,country,TR,8
2026-09-18,age,35-44,696
2026-09-18,age,13-17,10
2026-09-18,city,"Kendale Lakes, Florida",66
2026-09-18,age,55-64,143
2026-09-18,city,"Seattle, Washington",57
2026-09-18,country,PL,4
2026-09-18,city,"The Hammocks, Florida",105
2026-09-18,age,18-24,2004
2026-09-18,age,25-34,2888
2026-09-18,gender,U,1654
2026-09-18,city,"Homestead, Florida",49
2026-09-18,city,"Coral Springs, Florida",32
2026-09-18,city,"Coral Terrace, Florida",23
2026-09-18,city,"Country Club, Florida",53
2026-09-18,city,"Miramar, Florida",136
2026-09-18,city,"Fort Lauderdale, Florida",37
2026-09-18,city,"Sweetwater, Florida",655
2026-09-18,city,"Weston, Florida",50
2026-09-18,city,"The Crossings, Florida",29
2026-09-18,city,"Westchester, Florida",54
2026-09-18,city,"Tampa, Florida",34
2026-09-18,city,"Orlando, Florida",26
2026-09-18,city,"Hollywood, Florida",61
2026-09-18,city,"Charlotte, North Carolina",29
2026-09-18,city,"Plantation, Florida",44
2026-09-18,city,"Davie, Florida",72
2026-09-18,city,"Tamiami, Florida",101
2026-09-18,city,"Doral, Florida",158
2026-09-18,city,"Richmond West, Florida",44
2026-09-18,city,"West Kendall, Florida",79
2026-09-18,city,"Temple Terrace, Florida",42
2026-09-18,city,"North Miami, Florida",52
2026-09-18,city,"San Francisco, California",28
2026-09-18,city,"Pembroke Pines, Florida",123
2026-09-18,city,"Union Park, Florida",57
2026-09-18,city,"Coral Gables, Florida",25
2026-09-19,age,25-34,2896
2026-09-19,age,18-24,2011
2026-09-19,age,13-17,10
2026-09-19,city,"Miramar, Florida",138
2026-09-19,city,"Seattle, Washington",59
2026-09-19,age,55-64,143
2026-09-19,age,45-54,316
2026-09-19,city,"Coral Springs, Florida",33
2026-09-19,country,PL,4
2026-09-19,city,"Kendale Lakes, Florida",65
2026-09-19,gender,F,1658
2026-09-19,age,65+,64
2026-09-19,city,"Hialeah, Florida",124
2026-09-19,city,"Davie, Florida",72
2026-09-19,city,"Gainesville, Florida",79
2026-09-19,city,"Tallahassee, Florida",22
2026-09-19,city,"Olympia Heights, Florida",29
2026-09-19,city,"Princeton, Florida",50
2026-09-19,city,"Ives Estates, Florida",24
2026-09-19,city,"Miami Lakes, Florida",46
2026-09-19,country,TR,8
2026-09-19,age,35-44,696
2026-09-19,city,"Kendall, Florida",81
2026-09-19,city,"Tamiami, Florida",100
2026-09-19,city,"New York, New York",84
2026-09-19,city,"Sweetwater, Florida",691
2026-09-19,city,"Pembroke Pines, Florida",124
2026-09-19,city,"Homestead, Florida",50
2026-09-19,city,"North Miami, Florida",46
2026-09-19,city,"The Hammocks, Florida",100
2026-09-19,city,"West Kendall, Florida",80
2026-09-19,city,"Doral, Florida",163
2026-09-19,city,"San Francisco, California",28
2026-09-19,city,"Country Club, Florida",56
2026-09-19,city,"Richmond West, Florida",43
2026-09-19,gender,M,2818
2026-09-19,city,"Union Park, Florida",59
2026-09-19,city,"Coral Gables, Florida",24
2026-09-19,city,"Charlotte, North Carolina",29
2026-09-19,city,"South Miami Heights, Florida",23
2026-09-19,city,"Hollywood, Florida",60
2026-09-19,city,"Orlando, Florida",25
2026-09-19,city,"Tampa, Florida",38
2026-09-19,city,"Plantation, Florida",45
2026-09-19,city,"Westchester, Florida",52
2026-09-19,city,"The Crossings, Florida",30
2026-09-19,gender,U,1660
2026-09-19,city,"Weston, Florida",50
2026-09-19,city,"Fort Lauderdale, Florida",37
2026-09-19,city,"Temple Terrace, Florida",43
2026-09-19,country,KR,7
2026-09-19,country,JM,5
2026-09-19,country,AU,4
2026-09-19,city,"Miami Beach, Florida",34
2026-09-19,city,"Sunrise, Florida",34
2026-09-19,country,TT,5
2026-09-19,country,DE,10
2026-09-19,country,PR,9
2026-09-19,country,BD,10
2026-09-19,country,HK,4
2026-09-19,city,"North Miami Beach, Florida",37
2026-09-19,country,DO,12
2026-09-19,city,"Miami, Florida",310
2026-09-19,country,GB,18
2026-09-19,city,"Cutler Bay, Florida",34
2026-09-19,country,DZ,6
2026-09-19,country,KE,15
2026-09-19,country,ID,12
2026-09-19,city,"Bangalore, Karnataka",27
2026-09-19,country,EC,6
2026-09-19,country,OM,6
2026-09-19,country,FR,6
2026-09-19,country,BR,21
2026-09-19,country,CO,19
2026-09-19,country,PK,18
2026-09-19,country,TW,6
2026-09-19,city,"Miami Gardens, Florida",41
2026-09-19,country,GH,4
2026-09-19,country,VE,13
2026-09-19,country,ES,21
2026-09-19,country,IL,4
2026-09-19,country,AE,6
2026-09-19,country,IN,151
2026-09-19,country,MX,24
2026-09-19,country,CL,10
2026-09-19,country,AL,4
2026-09-19,country,IR,6
2026-09-19,country,PA,4
2026-09-19,country,ZA,6
2026-09-19,country,US,5413
2026-09-19,country,CR,4
2026-09-19,country,AZ,6
2026-09-19,country,VN,11
2026-09-19,country,PH,9
2026-09-19,country,PE,19
2026-09-19,country,NG,23
2026-09-19,country,AR,15
2026-09-19,country,RU,4
2026-09-19,country,MA,10
2026-09-19,country,CA,62
2026-09-20,country,BR,21
2026-09-20,country,FR,6
2026-09-20,country,EC,6
2026-09-20,country,OM,6
2026-09-20,country,MA,10
2026-09-20,country,ID,12
2026-09-20,country,KE,15
2026-09-20,country,DZ,6
2026-09-20,city,"Cutler Bay, Florida",34
2026-09-20,country,GB,18
2026-09-20,country,AU,4
2026-09-20,country,JM,5
2026-09-20,country,CA,62
2026-09-20,city,"North Miami Beach, Florida",37
2026-09-20,country,HK,4
2026-09-20,country,BD,10
2026-09-20,country,PR,9
2026-09-20,country,DE,10
2026-09-20,country,TT,5
2026-09-20,city,"Miami Beach, Florida",34
2026-09-20,city,"Sunrise, Florida",34
2026-09-20,country,DO,12
2026-09-20,city,"Miami, Florida",310
2026-09-20,country,PK,18
2026-09-20,country,MX,24
2026-09-20,city,"Miami Gardens, Florida",41
2026-09-20,country,CO,19
2026-09-20,country,TW,6
2026-09-20,country,PA,4
2026-09-20,country,AR,15
2026-09-20,country,NG,23
2026-09-20,country,PE,19
2026-09-20,country,PH,9
2026-09-20,country,VN,11
2026-09-20,country,AZ,6
2026-09-20,country,CR,4
2026-09-20,city,"Bangalore, Karnataka",27
2026-09-20,country,US,5425
2026-09-20,country,IR,6
2026-09-20,country,AL,4
2026-09-20,country,CL,10
2026-09-20,country,VE,13
2026-09-20,country,ZA,6
2026-09-20,country,IN,151
2026-09-20,country,AE,6
2026-09-20,country,IL,4
2026-09-20,country,ES,21
2026-09-20,country,GH,4
2026-09-20,country,KR,7
2026-09-20,country,RU,4
2026-09-20,country,TR,8
2026-09-20,city,"Charlotte, North Carolina",29
2026-09-20,city,"Coral Springs, Florida",32
2026-09-20,gender,F,1660
2026-09-20,city,"Miami Lakes, Florida",46
2026-09-20,city,"Ives Estates, Florida",24
2026-09-20,city,"Princeton, Florida",50
2026-09-20,city,"Olympia Heights, Florida",29
2026-09-20,city,"Hialeah, Florida",123
2026-09-20,city,"Gainesville, Florida",80
2026-09-20,gender,M,2821
2026-09-20,city,"Tallahassee, Florida",22
2026-09-20,age,65+,64
2026-09-20,age,35-44,697
2026-09-20,city,"Kendale Lakes, Florida",66
2026-09-20,age,55-64,143
2026-09-20,age,25-34,2897
2026-09-20,age,18-24,2020
2026-09-20,age,13-17,10
2026-09-20,country,PL,4
2026-09-20,city,"Seattle, Washington",59
2026-09-20,age,45-54,317
2026-09-20,city,"Fort Lauderdale, Florida",37
2026-09-20,city,"Kendall, Florida",81
2026-09-20,city,"Country Club, Florida",56
2026-09-20,city,"Davie, Florida",73
2026-09-20,city,"Coral Gables, Florida",25
2026-09-20,city,"New York, New York",84
2026-09-20,city,"Sweetwater, Florida",698
2026-09-20,city,"Weston, Florida",50
2026-09-20,city,"The Crossings, Florida",30
2026-09-20,city,"Westchester, Florida",52
2026-09-20,city,"Plantation, Florida",45
2026-09-20,city,"Tampa, Florida",38
2026-09-20,city,"Orlando, Florida",25
2026-09-20,city,"Hollywood, Florida",60
2026-09-20,city,"South Miami Heights, Florida",23
2026-09-20,city,"Miramar, Florida",138
2026-09-20,city,"The Hammocks, Florida",100
2026-09-20,city,"Tamiami, Florida",100
2026-09-20,gender,U,1667
2026-09-20,city,"Doral, Florida",163
2026-09-20,city,"West Kendall, Florida",80
2026-09-20,city,"Temple Terrace, Florida",44
2026-09-20,city,"North Miami, Florida",46
2026-09-20,city,"San Francisco, California",28
2026-09-20,city,"Pembroke Pines, Florida",124
2026-09-20,city,"Union Park, Florida",59
2026-09-20,city,"Richmond West, Florida",43
2026-09-20,city,"Homestead, Florida",50
2026-09-21,age,45-54,318
2026-09-21,city,"Seattle, Washington",59
2026-09-21,country,PL,4
2026-09-21,age,13-17,10
2026-09-21,age,18-24,2020
2026-09-21,age,25-34,2897
2026-09-21,age,55-64,143
2026-09-21,city,"Kendale Lakes, Florida",65
2026-09-21,age,35-44,697
2026-09-21,age,65+,64
2026-09-21,city,"Tallahassee, Florida",22
2026-09-21,gender,M,2822
2026-09-21,city,"Davie, Florida",73
2026-09-21,city,"Gainesville, Florida",80
2026-09-21,city,"Hialeah, Florida",123
2026-09-21,city,"Olympia Heights, Florida",29
2026-09-21,city,"Princeton, Florida",50
2026-09-21,city,"Ives Estates, Florida",24
2026-09-21,city,"Miami Lakes, Florida",46
2026-09-21,gender,F,1662
2026-09-21,city,"Coral Springs, Florida",32
2026-09-21,city,"Kendall, Florida",81
2026-09-21,city,"Tamiami, Florida",101
2026-09-21,city,"New York, New York",84
2026-09-21,city,"Fort Lauderdale, Florida",37
2026-09-21,city,"Temple Terrace, Florida",44
2026-09-21,city,"Union Park, Florida",59
2026-09-21,city,"Pembroke Pines, Florida",124
2026-09-21,city,"Homestead, Florida",51
2026-09-21,city,"North Miami, Florida",46
2026-09-21,city,"Country Club, Florida",56
2026-09-21,city,"West Kendall, Florida",80
2026-09-21,city,"Doral, Florida",163
2026-09-21,city,"San Francisco, California",27
2026-09-21,city,"Coral Gables, Florida",25
2026-09-21,gender,U,1665
2026-09-21,city,"Sweetwater, Florida",699
2026-09-21,city,"Charlotte, North Carolina",29
2026-09-21,city,"South Miami Heights, Florida",23
2026-09-21,city,"Hollywood, Florida",61
2026-09-21,city,"Orlando, Florida",25
2026-09-21,city,"Tampa, Florida",38
2026-09-21,city,"Plantation, Florida",45
2026-09-21,city,"Westchester, Florida",52
2026-09-21,city,"The Crossings, Florida",30
2026-09-21,city,"Weston, Florida",50
2026-09-21,city,"The Hammocks, Florida",100
2026-09-21,city,"Richmond West, Florida",44
2026-09-21,city,"Miramar, Florida",138
2026-09-21,country,TR,8
2026-09-21,country,US,5428
2026-09-21,country,PK,17
2026-09-21,city,"Miami Beach, Florida",34
2026-09-21,city,"Sunrise, Florida",34
2026-09-21,country,TT,5
2026-09-21,country,DE,10
2026-09-21,country,PR,9
2026-09-21,country,BD,10
2026-09-21,country,HK,4
2026-09-21,city,"North Miami Beach, Florida",37
2026-09-21,country,CA,62
2026-09-21,country,DO,12
2026-09-21,country,JM,5
2026-09-21,country,BR,21
2026-09-21,country,GB,18
2026-09-21,country,FR,6
2026-09-21,country,EC,6
2026-09-21,country,OM,6
2026-09-21,city,"Cutler Bay, Florida",34
2026-09-21,country,ID,12
2026-09-21,country,KE,15
2026-09-21,country,DZ,6
2026-09-21,country,MA,10
2026-09-21,city,"Miami, Florida",309
2026-09-21,country,RU,4
2026-09-21,city,"Bangalore, Karnataka",27
2026-09-21,country,GH,4
2026-09-21,country,ES,21
2026-09-21,country,IL,4
2026-09-21,country,AE,6
2026-09-21,country,IN,151
2026-09-21,country,ZA,6
2026-09-21,country,KR,7
2026-09-21,country,CO,19
2026-09-21,country,AL,4
2026-09-21,country,MX,24
2026-09-21,country,IR,6
2026-09-21,country,CR,4
2026-09-21,country,CL,10
2026-09-21,country,AZ,5
2026-09-21,country,VN,11
2026-09-21,country,PH,9
2026-09-21,country,PE,19
2026-09-21,country,NG,23
2026-09-21,country,AR,15
2026-09-21,country,PA,4
2026-09-21,country,VE,13
2026-09-21,country,AU,4
2026-09-21,country,TW,6
2026-09-21,city,"Miami Gardens, Florida",41
2026-09-22,country,DZ,6
2026-09-22,country,KE,15
2026-09-22,country,ID,12
2026-09-22,country,GB,18
2026-09-22,country,TW,6
2026-09-22,country,EC,6
2026-09-22,country,FR,6
2026-09-22,city,"North Miami Beach, Florida",37
2026-09-22,country,OM,6
2026-09-22,country,MA,10
2026-09-22,city,"Miami, Florida",309
2026-09-22,country,DO,12
2026-09-22,city,"Cutler Bay, Florida",34
2026-09-22,country,JM,5
2026-09-22,country,HK,4
2026-09-22,country,BD,10
2026-09-22,country,PR,9
2026-09-22,country,DE,10
2026-09-22,country,TT,5
2026-09-22,city,"Sunrise, Florida",34
2026-09-22,city,"Miami Beach, Florida",34
2026-09-22,country,CA,62
2026-09-22,country,BR,21
2026-09-22,country,RU,4
2026-09-22,country,CR,4
2026-09-22,country,PK,17
2026-09-22,city,"Bangalore, Karnataka",27
2026-09-22,country,AU,4
2026-09-22,country,VE,13
2026-09-22,country,PA,4
2026-09-22,country,AR,15
2026-09-22,country,NG,23
2026-09-22,country,PE,19
2026-09-22,country,PH,9
2026-09-22,country,VN,11
2026-09-22,country,AZ,5
2026-09-22,city,"Miami Gardens, Florida",41
2026-09-22,country,US,5428
2026-09-22,country,CL,10
2026-09-22,country,CO,19
2026-09-22,country,MX,24
2026-09-22,country,AL,4
2026-09-22,country,IR,6
2026-09-22,country,KR,7
2026-09-22,country,ZA,6
2026-09-22,country,IN,151
2026-09-22,country,AE,6
2026-09-22,country,IL,4
2026-09-22,country,ES,21
2026-09-22,country,GH,4
2026-09-22,city,"New York, New York",84
2026-09-22,city,"Richmond West, Florida",44
2026-09-22,city,"Coral Springs, Florida",32
2026-09-22,city,"Ives Estates, Florida",24
2026-09-22,city,"Princeton, Florida",50
2026-09-22,city,"Olympia Heights, Florida",29
2026-09-22,city,"Tallahassee, Florida",22
2026-09-22,city,"Hialeah, Florida",123
2026-09-22,city,"Gainesville, Florida",80
2026-09-22,city,"Davie, Florida",73
2026-09-22,gender,U,1665
2026-09-22,city,"Kendall, Florida",81
2026-09-22,age,65+,64
2026-09-22,age,13-17,10
2026-09-22,age,55-64,143
2026-09-22,city,"Kendale Lakes, Florida",65
2026-09-22,city,"Seattle, Washington",59
2026-09-22,country,PL,4
2026-09-22,city,"Miami Lakes, Florida",46
2026-09-22,age,18-24,2020
2026-09-22,age,25-34,2897
2026-09-22,age,35-44,697
2026-09-22,age,45-54,318
2026-09-22,gender,F,1662
2026-09-22,country,TR,8
2026-09-22,gender,M,2822
2026-09-22,city,"San Francisco, California",27
2026-09-22,city,"Coral Gables, Florida",25
2026-09-22,city,"Weston, Florida",50
2026-09-22,city,"The Crossings, Florida",30
2026-09-22,city,"Westchester, Florida",52
2026-09-22,city,"Plantation, Florida",45
2026-09-22,city,"Tampa, Florida",38
2026-09-22,city,"Orlando, Florida",25
2026-09-22,city,"Hollywood, Florida",61
2026-09-22,city,"South Miami Heights, Florida",23
2026-09-22,city,"Charlotte, North Carolina",29
2026-09-22,city,"Sweetwater, Florida",699
2026-09-22,city,"The Hammocks, Florida",100
2026-09-22,city,"Fort Lauderdale, Florida",37
2026-09-22,city,"Tamiami, Florida",101
2026-09-22,city,"Doral, Florida",163
2026-09-22,city,"West Kendall, Florida",80
2026-09-22,city,"Country Club, Florida",56
2026-09-22,city,"North Miami, Florida",46
2026-09-22,city,"Homestead, Florida",51
2026-09-22,city,"Pembroke Pines, Florida",124
2026-09-22,city,"Union Park, Florida",59
2026-09-22,city,"Temple Terrace, Florida",44
2026-09-22,city,"Miramar, Florida",138
2026-09-23,age,45-54,321
2026-09-23,age,35-44,693
2026-09-23,age,25-34,2912
2026-09-23,age,18-24,2029
2026-09-23,city,"Miami Lakes, Florida",49
2026-09-23,country,PL,4
2026-09-23,city,"Seattle, Washington",54
2026-09-23,city,"Kendale Lakes, Florida",65
2026-09-23,age,55-64,143
2026-09-23,age,13-17,8
2026-09-23,age,65+,64
2026-09-23,city,"Kendall, Florida",81
2026-09-23,gender,M,2832
2026-09-23,gender,U,1670
2026-09-23,city,"Davie, Florida",70
2026-09-23,city,"Gainesville, Florida",84
2026-09-23,city,"Hialeah, Florida",125
2026-09-23,city,"Tallahassee, Florida",23
2026-09-23,city,"Olympia Heights, Florida",29
2026-09-23,city,"Princeton, Florida",46
2026-09-23,city,"Ives Estates, Florida",24
2026-09-23,city,"Coral Springs, Florida",33
2026-09-23,gender,F,1668
2026-09-23,country,TR,8
2026-09-23,city,"Coral Gables, Florida",29
2026-09-23,city,"San Francisco, California",25
2026-09-23,city,"Fort Lauderdale, Florida",38
2026-09-23,city,"North Miami Beach, Florida",37
2026-09-23,city,"Union Park, Florida",68
2026-09-23,city,"Pembroke Pines, Florida",121
2026-09-23,city,"Homestead, Florida",50
2026-09-23,city,"North Miami, Florida",47
2026-09-23,city,"Country Club, Florida",54
2026-09-23,city,"West Kendall, Florida",83
2026-09-23,city,"Doral, Florida",160
2026-09-23,city,"Tamiami, Florida",101
2026-09-23,city,"Miramar, Florida",136
2026-09-23,city,"Sweetwater, Florida",734
2026-09-23,city,"Charlotte, North Carolina",29
2026-09-23,city,"South Miami Heights, Florida",24
2026-09-23,city,"Hollywood, Florida",57
2026-09-23,city,"Orlando, Florida",23
2026-09-23,city,"Tampa, Florida",43
2026-09-23,city,"Plantation, Florida",44
2026-09-23,city,"Westchester, Florida",53
2026-09-23,city,"The Crossings, Florida",32
2026-09-23,city,"Weston, Florida",50
2026-09-23,city,"The Hammocks, Florida",95
2026-09-23,city,"Richmond West, Florida",42
2026-09-23,city,"New York, New York",82
2026-09-23,country,GH,4
2026-09-23,city,"Bangalore, Karnataka",29
2026-09-23,country,OM,6
2026-09-23,city,"Miami, Florida",316
2026-09-23,city,"Sunrise, Florida",31
2026-09-23,city,"Miami Beach, Florida",39
2026-09-23,country,TT,5
2026-09-23,country,DE,10
2026-09-23,country,PR,9
2026-09-23,country,BD,10
2026-09-23,country,RU,4
2026-09-23,city,"Cutler Bay, Florida",32
2026-09-23,country,TW,6
2026-09-23,country,FR,6
2026-09-23,country,BR,18
2026-09-23,country,MA,10
2026-09-23,country,DZ,6
2026-09-23,country,KE,15
2026-09-23,country,ID,12
2026-09-23,country,GB,18
2026-09-23,country,EC,4
2026-09-23,country,DO,11
2026-09-23,city,"Temple Terrace, Florida",41
2026-09-23,country,JM,5
2026-09-23,country,CA,62
2026-09-23,country,HK,4
2026-09-23,city,"Miami Gardens, Florida",41
2026-09-23,country,PK,18
2026-09-23,country,IL,4
2026-09-23,country,AE,6
2026-09-23,country,IN,148
2026-09-23,country,ZA,6
2026-09-23,country,KR,7
2026-09-23,country,IR,6
2026-09-23,country,AL,4
2026-09-23,country,MX,23
2026-09-23,country,CO,18
2026-09-23,country,CR,4
2026-09-23,country,CL,9
2026-09-23,country,ES,20
2026-09-23,country,US,5469
2026-09-23,country,AZ,5
2026-09-23,country,PH,9
2026-09-23,country,VN,7
2026-09-23,country,PE,16
2026-09-23,country,NG,23
2026-09-23,country,AR,13
2026-09-23,country,PA,4
2026-09-23,country,VE,14
2026-09-23,country,AU,4
2026-09-24,country,DO,11
2026-09-24,country,EC,4
2026-09-24,country,GB,18
2026-09-24,country,ID,12
2026-09-24,country,KE,14
2026-09-24,country,DZ,6
2026-09-24,country,MA,10
2026-09-24,country,BR,18
2026-09-24,country,FR,6
2026-09-24,country,TW,6
2026-09-24,city,"Cutler Bay, Florida",32
2026-09-24,country,RU,4
2026-09-24,country,HK,4
2026-09-24,country,BD,10
2026-09-24,country,PR,9
2026-09-24,country,DE,10
2026-09-24,country,TT,5
2026-09-24,city,"Miami Beach, Florida",39
2026-09-24,city,"Sunrise, Florida",32
2026-09-24,city,"Miami, Florida",317
2026-09-24,country,OM,6
2026-09-24,country,JM,5
2026-09-24,country,CA,62
2026-09-24,country,PK,18
2026-09-24,country,GH,4
2026-09-24,city,"Miami Gardens, Florida",41
2026-09-24,country,NG,23
2026-09-24,country,AZ,5
2026-09-24,country,PH,9
2026-09-24,country,VN,7
2026-09-24,country,PE,16
2026-09-24,country,AU,4
2026-09-24,country,AR,13
2026-09-24,country,PA,4
2026-09-24,country,VE,14
2026-09-24,country,US,5485
2026-09-24,country,CR,4
2026-09-24,country,CO,18
2026-09-24,country,MX,23
2026-09-24,country,AL,4
2026-09-24,country,CL,9
2026-09-24,country,IR,6
2026-09-24,country,KR,7
2026-09-24,country,ZA,6
2026-09-24,country,IN,148
2026-09-24,country,AE,6
2026-09-24,country,IL,4
2026-09-24,country,ES,20
2026-09-24,city,"Bangalore, Karnataka",29
2026-09-24,city,"Temple Terrace, Florida",41
2026-09-24,city,"New York, New York",82
2026-09-24,city,"Fort Lauderdale, Florida",38
2026-09-24,city,"Coral Springs, Florida",33
2026-09-24,city,"Ives Estates, Florida",24
2026-09-24,city,"Princeton, Florida",46
2026-09-24,city,"Olympia Heights, Florida",29
2026-09-24,city,"Tallahassee, Florida",23
2026-09-24,city,"Hialeah, Florida",126
2026-09-24,city,"Kendall, Florida",81
2026-09-24,city,"Gainesville, Florida",86
2026-09-24,city,"Davie, Florida",71
2026-09-24,gender,U,1677
2026-09-24,gender,M,2839
2026-09-24,gender,F,1669
2026-09-24,age,65+,64
2026-09-24,age,55-64,144
2026-09-24,age,45-54,320
2026-09-24,age,35-44,695
2026-09-24,age,25-34,2922
2026-09-24,age,18-24,2032
2026-09-24,age,13-17,8
2026-09-24,country,PL,4
2026-09-24,city,"Seattle, Washington",54
2026-09-24,city,"Kendale Lakes, Florida",65
2026-09-24,city,"Miami Lakes, Florida",48
2026-09-24,city,"Miramar, Florida",136
2026-09-24,city,"San Francisco, California",25
2026-09-24,city,"The Hammocks, Florida",95
2026-09-24,city,"Weston, Florida",50
2026-09-24,city,"The Crossings, Florida",32
2026-09-24,city,"Westchester, Florida",53
2026-09-24,city,"Plantation, Florida",44
2026-09-24,city,"Tampa, Florida",43
2026-09-24,city,"Orlando, Florida",23
2026-09-24,city,"Hollywood, Florida",57
2026-09-24,city,"South Miami Heights, Florida",24
2026-09-24,city,"Charlotte, North Carolina",29
2026-09-24,city,"Richmond West, Florida",42
2026-09-24,city,"Sweetwater, Florida",736
2026-09-24,city,"Tamiami, Florida",102
2026-09-24,city,"Doral, Florida",161
2026-09-24,city,"West Kendall, Florida",84
2026-09-24,city,"Country Club, Florida",54
2026-09-24,city,"North Miami, Florida",47
2026-09-24,city,"Homestead, Florida",50
2026-09-24,city,"Pembroke Pines, Florida",121
2026-09-24,city,"Union Park, Florida",69
2026-09-24,city,"North Miami Beach, Florida",37
2026-09-24,city,"Coral Gables, Florida",32
2026-09-24,country,TR,8
